offering_id,year,province_slug,major_slug,school_slug,school_name,school_type,training_site,eligible_major_categories,public_subjects,professional_subjects,plan_count,charter_url,syllabus_url,source_status,verified_at,program_names,exam_scheme_id
ahau-water-2026,2026,anhui,all-programs,ahau,安徽农业大学,公办,安徽水利水电职业技术学院（安徽省合肥市东门合马路18号）,水利大类、土木建筑大类、交通运输大类、农林牧渔大类、资源环境与安全大类、能源动力与材料大类、装备制造大类、电子与信息大类,高等数学|英语,工程力学|工程测量,120,https://zsb.ahau.edu.cn/info/1036/12394.htm,https://zsb.ahau.edu.cn/info/1028/11704.htm,2026正式招生章程与官方专业课考纲,2026-10-03,农业水利工程,ahau-water-environment
ahau-environment-2026,2026,anhui,all-programs,ahau,安徽农业大学,公办,安徽水利水电职业技术学院（安徽省合肥市东门合马路18号）,资源环境与安全大类、生物与化工大类、土木建筑大类、食品药品与粮食大类、农林牧渔大类、装备制造大类、电子与信息大类,高等数学|英语,工程力学|工程测量,70,https://zsb.ahau.edu.cn/info/1036/12394.htm,https://zsb.ahau.edu.cn/info/1028/11704.htm,2026正式招生章程与官方专业课考纲,2026-10-03,环境工程,ahau-water-environment
ahau-electrical-2026,2026,anhui,all-programs,ahau,安徽农业大学,公办,安徽水利水电职业技术学院（安徽省合肥市东门合马路18号）,装备制造大类、电子与信息大类、能源动力与材料大类、水利大类、财经商贸大类、交通运输大类、土木建筑大类、资源环境与安全大类,高等数学|英语,机械制图|电工基础,90,https://zsb.ahau.edu.cn/info/1036/12394.htm,https://zsb.ahau.edu.cn/info/1028/11704.htm,2026正式招生章程与官方专业课考纲,2026-10-03,电气工程及其自动化,ahau-electrical-mechanical
ahau-mechanical-2026,2026,anhui,all-programs,ahau,安徽农业大学,公办,安徽水利水电职业技术学院（安徽省合肥市东门合马路18号）,装备制造大类、电子与信息大类、能源动力与材料大类、水利大类、财经商贸大类、交通运输大类、土木建筑大类、资源环境与安全大类,高等数学|英语,机械制图|电工基础,90,https://zsb.ahau.edu.cn/info/1036/12394.htm,https://zsb.ahau.edu.cn/info/1028/11704.htm,2026正式招生章程与官方专业课考纲,2026-10-03,机械设计制造及其自动化,ahau-electrical-mechanical
ahau-ecommerce-2026,2026,anhui,all-programs,ahau,安徽农业大学,公办,安徽水利水电职业技术学院（安徽省合肥市东门合马路18号）,财经商贸大类、公共管理与服务大类、电子与信息大类、文化艺术大类、新闻传播大类、旅游大类、教育与体育大类,大学语文|英语,管理学|西方经济学（微观部分）,100,https://zsb.ahau.edu.cn/info/1036/12394.htm,https://zsb.ahau.edu.cn/info/1028/11704.htm,2026正式招生章程与官方专业课考纲,2026-10-03,电子商务,ahau-ecommerce
ahau-horticulture-2026,2026,anhui,all-programs,ahau,安徽农业大学,公办,宿州职业技术学院（安徽省宿州市高新区）,农林牧渔大类、生物与化工大类、医药卫生大类、轻工纺织大类、食品药品与粮食大类、资源环境与安全大类、土木建筑大类,高等数学|英语,生物学概论|农业概论,60,https://zsb.ahau.edu.cn/info/1036/12394.htm,https://zsb.ahau.edu.cn/info/1028/11704.htm,2026正式招生章程与官方专业课考纲,2026-10-03,园艺,ahau-agriculture
ahau-animal-science-2026,2026,anhui,all-programs,ahau,安徽农业大学,公办,宿州职业技术学院（安徽省宿州市高新区）,农林牧渔大类、生物与化工大类、医药卫生大类、轻工纺织大类、食品药品与粮食大类、资源环境与安全大类、土木建筑大类,高等数学|英语,生物学概论|农业概论,60,https://zsb.ahau.edu.cn/info/1036/12394.htm,https://zsb.ahau.edu.cn/info/1028/11704.htm,2026正式招生章程与官方专业课考纲,2026-10-03,动物科学,ahau-agriculture
ahmu-nursing-anqing-2026,2026,anhui,all-programs,ahmu,安徽医科大学,公办,安庆医药高等专科学校（安徽省安庆市集贤北路1588号）,护理、助产,大学语文|英语,解剖生理学|护理学基础,80,https://zs.ahmu.edu.cn/2026/0319/c7123a197585/page.htm,https://zs.ahmu.edu.cn/2025/1114/c7123a193486/page.htm,2026正式招生章程与官方专业课考纲,2026-10-03,护理学,ahmu-nursing
ahmu-nursing-wanxi-2026,2026,anhui,all-programs,ahmu,安徽医科大学,公办,皖西卫生职业学院（安徽省六安市皋城中路406号）,护理、助产,大学语文|英语,解剖生理学|护理学基础,120,https://zs.ahmu.edu.cn/2026/0319/c7123a197585/page.htm,https://zs.ahmu.edu.cn/2025/1114/c7123a193486/page.htm,2026正式招生章程与官方专业课考纲,2026-10-03,护理学,ahmu-nursing
ahmu-nursing-wanbei-2026,2026,anhui,all-programs,ahmu,安徽医科大学,公办,皖北卫生职业学院（安徽省宿州市埇桥区学府大道1606号）,护理、助产,大学语文|英语,解剖生理学|护理学基础,120,https://zs.ahmu.edu.cn/2026/0319/c7123a197585/page.htm,https://zs.ahmu.edu.cn/2025/1114/c7123a193486/page.htm,2026正式招生章程与官方专业课考纲,2026-10-03,护理学,ahmu-nursing
ahmu-pharmacy-anqing-2026,2026,anhui,all-programs,ahmu,安徽医科大学,公办,安庆医药高等专科学校（安徽省安庆市集贤北路1588号）,药学、中药学、药品生产技术、药品质量与安全、生物制药技术、化学制药技术、药物制剂技术、中药制药、中药制药技术、药品服务与管理、药品经营与管理、药品生物技术、制药设备应用技术,高等数学|英语,药理学|药剂学,40,https://zs.ahmu.edu.cn/2026/0319/c7123a197585/page.htm,https://zs.ahmu.edu.cn/2025/1114/c7123a193486/page.htm,2026正式招生章程与官方专业课考纲,2026-10-03,药学,ahmu-pharmacy
ahmu-pharmacy-wanxi-2026,2026,anhui,all-programs,ahmu,安徽医科大学,公办,皖西卫生职业学院（安徽省六安市皋城中路406号）,药学、中药学、药品生产技术、药品质量与安全、生物制药技术、化学制药技术、药物制剂技术、中药制药、中药制药技术、药品服务与管理、药品经营与管理、药品生物技术、制药设备应用技术,高等数学|英语,药理学|药剂学,60,https://zs.ahmu.edu.cn/2026/0319/c7123a197585/page.htm,https://zs.ahmu.edu.cn/2025/1114/c7123a193486/page.htm,2026正式招生章程与官方专业课考纲,2026-10-03,药学,ahmu-pharmacy
ahmu-tcm-2026,2026,anhui,all-programs,ahmu,安徽医科大学,公办,安庆医药高等专科学校（安徽省安庆市集贤北路1588号）,药学、中药学、药品服务与管理、药品经营与管理、药品生产技术、药品质量与安全、针灸推拿、中医学、中医骨伤、生物制药技术、化学制药技术、药物制剂技术、中药制药、中药制药技术、中药生产与加工、中药材生产与加工,大学语文|英语,中药学|中药鉴定学,30,https://zs.ahmu.edu.cn/2026/0319/c7123a197585/page.htm,https://zs.ahmu.edu.cn/2025/1114/c7123a193486/page.htm,2026正式招生章程与官方专业课考纲,2026-10-03,中药学,ahmu-tcm
ahmu-rehab-2026,2026,anhui,all-programs,ahmu,安徽医科大学,公办,安庆医药高等专科学校（安徽省安庆市集贤北路1588号）,康复治疗技术、临床医学、针灸推拿、中医学、中医骨伤、中医养生保健、中医康复技术、言语听觉康复技术、康复工程技术、运动防护、体育保健与康复、戒毒矫治技术,高等数学|英语,康复评定技术|康复治疗技术,30,https://zs.ahmu.edu.cn/2026/0319/c7123a197585/page.htm,https://zs.ahmu.edu.cn/2025/1114/c7123a193486/page.htm,2026正式招生章程与官方专业课考纲,2026-10-03,康复治疗学,ahmu-rehab
ahtcm-acupuncture-2026,2026,anhui,all-programs,ahtcm,安徽中医药大学,公办,安徽中医药高等专科学校（安徽省芜湖市乌霞山西路18号）,针灸推拿、中医学、中医骨伤,大学语文|英语,针灸学|推拿学,60,https://bkzs.ahtcm.edu.cn/info/1233/4776.htm,https://bkzs.ahtcm.edu.cn/info/1213/4736.htm,2026正式招生章程与官方专业课考纲,2026-10-03,针灸推拿学,ahtcm-acupuncture
ahtcm-rehab-2026,2026,anhui,all-programs,ahtcm,安徽中医药大学,公办,安徽中医药高等专科学校（安徽省芜湖市乌霞山西路18号）,康复治疗技术、临床医学、针灸推拿、中医学、中医骨伤、中医养生保健、中医康复技术、言语听觉康复技术、康复工程技术、运动防护、体育保健与康复、戒毒矫治技术、社区康复,大学语文|英语,康复评定学|解剖生理学,60,https://bkzs.ahtcm.edu.cn/info/1233/4776.htm,https://bkzs.ahtcm.edu.cn/info/1213/4736.htm,2026正式招生章程与官方专业课考纲,2026-10-03,康复治疗学,ahtcm-rehab
ahtcm-pharmacy-2026,2026,anhui,all-programs,ahtcm,安徽中医药大学,公办,安徽中医药高等专科学校（安徽省芜湖市乌霞山西路18号）,药学、中药学、药品服务与管理、药品经营与管理、药品生产技术、药品质量与安全、预防医学、临床医学、生物制药技术、药物制剂技术、中药制药、中药制药技术、化学制药技术、食品药品监督管理、药品质量检测技术、生化制药技术、医药营销、药品质量、药品生物技术,高等数学|英语,药理学|无机化学,60,https://bkzs.ahtcm.edu.cn/info/1233/4776.htm,https://bkzs.ahtcm.edu.cn/info/1213/4736.htm,2026正式招生章程与官方专业课考纲,2026-10-03,药学,ahtcm-pharmacy
ahtcm-tcm-bozhou-2026,2026,anhui,all-programs,ahtcm,安徽中医药大学,公办,亳州职业技术学院（安徽省亳州市药都路1625号）,药学、中药学、药品服务与管理、药品经营与管理、药品生产技术、药品质量与安全、针灸推拿、中医学、中医骨伤、生物制药技术、药物制剂技术、中药制药、中药制药技术、化学制药技术、中药生产与加工、中药材生产与加工、药膳与食疗,高等数学|英语,中药学|无机化学,100,https://bkzs.ahtcm.edu.cn/info/1233/4776.htm,https://bkzs.ahtcm.edu.cn/info/1213/4736.htm,2026正式招生章程与官方专业课考纲,2026-10-03,中药学,ahtcm-tcm
ahtcm-tcm-wuhu-2026,2026,anhui,all-programs,ahtcm,安徽中医药大学,公办,安徽中医药高等专科学校（安徽省芜湖市乌霞山西路18号）,药学、中药学、药品服务与管理、药品经营与管理、药品生产技术、药品质量与安全、针灸推拿、中医学、中医骨伤、生物制药技术、药物制剂技术、中药制药、中药制药技术、化学制药技术、中药生产与加工、中药材生产与加工、药膳与食疗,高等数学|英语,中药学|无机化学,60,https://bkzs.ahtcm.edu.cn/info/1233/4776.htm,https://bkzs.ahtcm.edu.cn/info/1213/4736.htm,2026正式招生章程与官方专业课考纲,2026-10-03,中药学,ahtcm-tcm
ahtcm-nursing-bozhou-2026,2026,anhui,all-programs,ahtcm,安徽中医药大学,公办,亳州职业技术学院（安徽省亳州市药都路1625号）,护理、助产,大学语文|英语,护理学基础|解剖生理学,100,https://bkzs.ahtcm.edu.cn/info/1233/4776.htm,https://bkzs.ahtcm.edu.cn/info/1213/4736.htm,2026正式招生章程与官方专业课考纲,2026-10-03,护理学,ahtcm-nursing
ahtcm-nursing-wuhu-2026,2026,anhui,all-programs,ahtcm,安徽中医药大学,公办,安徽中医药高等专科学校（安徽省芜湖市乌霞山西路18号）,护理、助产,大学语文|英语,护理学基础|解剖生理学,60,https://bkzs.ahtcm.edu.cn/info/1233/4776.htm,https://bkzs.ahtcm.edu.cn/info/1213/4736.htm,2026正式招生章程与官方专业课考纲,2026-10-03,护理学,ahtcm-nursing
aqnu-chemical-2026,2026,anhui,all-programs,aqnu,安庆师范大学,公办,安庆师范大学龙山校区（安徽省安庆市集贤北路1318号）,生物与化工大类、资源环境与安全大类,高等数学|英语,化工概论|大学化学,20,https://zsw.aqnu.edu.cn/info/1311/23659.htm,https://zsw.aqnu.edu.cn/info/1361/23679.htm,2026正式招生章程与官方专业课考纲,2026-10-03,化学工程与工艺,aqnu-chemical
aqnu-preschool-2026,2026,anhui,all-programs,aqnu,安庆师范大学,公办,桐城师范高等专科学校（安徽省桐城市经开区学苑路199号）,教育与体育大类,大学语文|英语,学前教育学|学前儿童发展心理学,30,https://zsw.aqnu.edu.cn/info/1311/23659.htm,https://zsw.aqnu.edu.cn/info/1361/23679.htm,2026正式招生章程与官方专业课考纲,2026-10-03,学前教育,aqnu-preschool
bbmu-nursing-2026,2026,anhui,all-programs,bbmu,蚌埠医科大学,公办,滁州城市职业学院（安徽省滁州市南谯区醉翁西路101号）,护理、助产,大学语文|英语,解剖生理学|护理学基础,90,https://zsw.bbmu.edu.cn/info/1006/3342.htm,https://zsw.bbmu.edu.cn/info/1006/3282.htm,2026正式招生章程与官方专业课考纲,2026-10-03,护理学,bbmu-nursing
bbmu-lab-2026,2026,anhui,all-programs,bbmu,蚌埠医科大学,公办,滁州城市职业学院（安徽省滁州市南谯区醉翁西路101号）,临床医学、护理、药学、医学检验技术、医学影像技术、卫生检验与检疫技术、医学生物技术,高等数学|英语,解剖生理学|诊断学,60,https://zsw.bbmu.edu.cn/info/1006/3342.htm,https://zsw.bbmu.edu.cn/info/1006/3282.htm,2026正式招生章程与官方专业课考纲,2026-10-03,医学检验技术,bbmu-lab
bbmu-preventive-2026,2026,anhui,all-programs,bbmu,蚌埠医科大学,公办,蚌埠医科大学（安徽省蚌埠市东海大道2600号）,预防医学,高等数学|英语,解剖生理学|预防医学,30,https://zsw.bbmu.edu.cn/info/1006/3342.htm,https://zsw.bbmu.edu.cn/info/1006/3282.htm,2026正式招生章程与官方专业课考纲,2026-10-03,预防医学,bbmu-preventive
bbmu-imaging-2026,2026,anhui,all-programs,bbmu,蚌埠医科大学,公办,蚌埠医科大学（安徽省蚌埠市东海大道2600号）,医学影像技术、放射治疗技术、临床医学,高等数学|英语,解剖生理学|医学影像诊断学,60,https://zsw.bbmu.edu.cn/info/1006/3342.htm,https://zsw.bbmu.edu.cn/info/1006/3282.htm,2026正式招生章程与官方专业课考纲,2026-10-03,医学影像技术,bbmu-imaging
bbmu-pharmacy-2026,2026,anhui,all-programs,bbmu,蚌埠医科大学,公办,滁州城市职业学院（安徽省滁州市南谯区醉翁西路101号）,医药卫生大类、药品生产技术、药品质量与安全、生物制药技术、化学制药技术、药物制剂技术、中药制药技术、药品服务与管理、药品经营与管理,高等数学|英语,药理学|药剂学,30,https://zsw.bbmu.edu.cn/info/1006/3342.htm,https://zsw.bbmu.edu.cn/info/1006/3282.htm,2026正式招生章程与官方专业课考纲,2026-10-03,药学,bbmu-pharmacy
bbmu-rehab-2026,2026,anhui,all-programs,bbmu,蚌埠医科大学,公办,滁州城市职业学院（安徽省滁州市南谯区醉翁西路101号）,康复治疗技术、护理、临床医学、中医康复技术、针灸推拿、中医学、中医骨伤、中医养生保健、言语听觉康复技术、康复工程技术、运动防护、体育保健与康复、戒毒矫治技术,高等数学|英语,解剖生理学|康复评定学,30,https://zsw.bbmu.edu.cn/info/1006/3342.htm,https://zsw.bbmu.edu.cn/info/1006/3282.htm,2026正式招生章程与官方专业课考纲,2026-10-03,康复治疗学,bbmu-rehab
wnmc-lab-2026,2026,anhui,all-programs,wnmc,皖南医科大学,公办,皖南医学院滨江校区北区（安徽省芜湖市弋江区文昌西路22号）,医学检验技术、医学生物技术、卫生检验与检疫技术、临床医学、护理、药学、医学影像技术,高等数学|英语,生物化学|人体解剖生理学,30,https://zsb.wnmc.edu.cn/__local/3/7E/D5/041BB95CFAB5989C5AD88A7B7E4_182A5F2D_3179F.pdf,https://zsb.wnmc.edu.cn/info/1021/8341.htm,2026正式招生章程与官方专业课考纲,2026-10-03,医学检验技术,wnmc-lab
wnmc-nursing-2026,2026,anhui,all-programs,wnmc,皖南医科大学,公办,宣城职业技术学院（安徽省宣城市薰化路698号）,护理、助产,大学语文|英语,内科护理学|基础护理学,60,https://zsb.wnmc.edu.cn/__local/3/7E/D5/041BB95CFAB5989C5AD88A7B7E4_182A5F2D_3179F.pdf,https://zsb.wnmc.edu.cn/info/1021/8341.htm,2026正式招生章程与官方专业课考纲,2026-10-03,护理学,wnmc-nursing
chu-preschool-2026,2026,anhui,all-programs,chu,巢湖学院,公办,巢湖学院（安徽省合肥市安徽巢湖经济开发区半汤路1号）,财经商贸大类、公安与司法大类、教育与体育大类、文化艺术大类、新闻传播大类、旅游大类、公共管理与服务大类,大学语文|英语,教育学|心理学,60,https://www.chu.edu.cn/zsw/2026/0319/c1511a204968/page.htm,https://www.chu.edu.cn/zsw/2025/1112/c1529a200312/page.htm,2026正式招生章程与官方专业课考纲,2026-10-03,学前教育,chu-preschool
chu-chinese-2026,2026,anhui,all-programs,chu,巢湖学院,公办,巢湖学院（安徽省合肥市安徽巢湖经济开发区半汤路1号）,财经商贸大类、公安与司法大类、教育与体育大类、文化艺术大类、新闻传播大类、旅游大类、公共管理与服务大类,大学语文|英语,中国古代文学|现代汉语,130,https://www.chu.edu.cn/zsw/2026/0319/c1511a204968/page.htm,https://www.chu.edu.cn/zsw/2025/1112/c1529a200312/page.htm,2026正式招生章程与官方专业课考纲,2026-10-03,汉语言文学,chu-chinese
chu-ecommerce-2026,2026,anhui,all-programs,chu,巢湖学院,公办,巢湖学院（安徽省合肥市安徽巢湖经济开发区半汤路1号）,财经商贸大类、旅游大类、文化艺术大类、新闻传播大类、教育与体育大类、公安与司法大类、公共管理与服务大类、资源环境与安全大类、能源动力与材料大类、土木建筑大类、水利大类、装备制造大类、轻工纺织大类、食品药品与粮食大类、交通运输大类、电子与信息大类、医药卫生大类,大学语文|英语,管理学原理|市场营销,60,https://www.chu.edu.cn/zsw/2026/0319/c1511a204968/page.htm,https://www.chu.edu.cn/zsw/2025/1112/c1529a200312/page.htm,2026正式招生章程与官方专业课考纲,2026-10-03,电子商务,chu-ecommerce
chu-hotel-2026,2026,anhui,all-programs,chu,巢湖学院,公办,巢湖学院（安徽省合肥市安徽巢湖经济开发区半汤路1号）,财经商贸大类、教育与体育大类、文化艺术大类、旅游大类、农林牧渔大类、食品药品与粮食大类、资源环境与安全大类、公共管理与服务大类、新闻传播大类、土木建筑大类、水利大类、装备制造大类、轻工纺织大类、交通运输大类、电子与信息大类、医药卫生大类,大学语文|英语,管理学原理|旅游学概论,120,https://www.chu.edu.cn/zsw/2026/0319/c1511a204968/page.htm,https://www.chu.edu.cn/zsw/2025/1112/c1529a200312/page.htm,2026正式招生章程与官方专业课考纲,2026-10-03,酒店管理,chu-hotel
chu-business-english-2026,2026,anhui,all-programs,chu,巢湖学院,公办,巢湖学院（安徽省合肥市安徽巢湖经济开发区半汤路1号）,财经商贸大类、旅游大类、新闻传播大类、教育与体育大类、食品药品与粮食大类、装备制造大类、轻工纺织大类、电子与信息大类、文化艺术大类、公共管理与服务大类、能源动力与材料大类、公安与司法大类、医药卫生大类,大学语文|英语,综合英语|国际贸易实务,30,https://www.chu.edu.cn/zsw/2026/0319/c1511a204968/page.htm,https://www.chu.edu.cn/zsw/2025/1112/c1529a200312/page.htm,2026正式招生章程与官方专业课考纲,2026-10-03,商务英语,chu-business-english
hfnu-aiec-2026,2026,anhui,computer-science,hfnu,合肥师范学院,公办,安徽工业经济职业技术学院,电子与信息大类,高等数学|英语,C语言程序设计|数据结构,50,https://zsb.hfnu.edu.cn/info/1003/3665.htm,https://zsb.hfnu.edu.cn/__local/7/D9/69/9D7365B29678864C75F6353DB89_9B196186_22CB2.pdf,正式章程,2026-08-13,计算机科学与技术,hfnu-f423ab1beb5d
hfnu-mtc-2026,2026,anhui,computer-science,hfnu,合肥师范学院,公办,马鞍山师范高等专科学校,电子与信息大类,高等数学|英语,C语言程序设计|数据结构,50,https://zsb.hfnu.edu.cn/info/1003/3665.htm,https://zsb.hfnu.edu.cn/__local/7/D9/69/9D7365B29678864C75F6353DB89_9B196186_22CB2.pdf,正式章程,2026-08-13,计算机科学与技术,hfnu-f423ab1beb5d
aiit-2026,2026,anhui,computer-science,aiit,安徽信息工程学院,民办,安徽信息工程学院校本部,电子与信息大类等（详见章程）,高等数学|英语,计算机专业基础|C语言程序设计,100,https://zsxx.aiit.edu.cn/info/182584,https://zsxx.aiit.edu.cn/uploads/585/file/public/202511/20251112103625_de4bo7quiq.pdf,正式章程,2026-08-13,计算机科学与技术,aiit-33ad34938a73
wenda-2026,2026,anhui,computer-science,wenda,安徽文达信息工程学院,民办,安徽文达信息工程学院校本部,多个专业大类（详见章程）,高等数学|英语,C语言程序设计|计算机网络基础,180,https://www.wenda.edu.cn/zs/m/display_34104.html,https://www.wenda.edu.cn/zs/display_34105.html,正式章程,2026-08-13,计算机科学与技术,wenda-0414632c04a2
bbc-2026,2026,anhui,computer-science,bbc,蚌埠学院,公办,安徽电子信息职业技术学院（安徽省蚌埠市龙子湖区曹山路1000号）,电子与信息大类、装备制造大类,高等数学|英语,计算机专业基础|C语言程序设计,40,https://zhaoban.bbc.edu.cn/2026/0318/c1269a125714/page.htm,https://zhaoban.bbc.edu.cn/_upload/article/files/54/14/5f899cd247438281d1ff2c2ba381/143ba54a-3ca6-4163-8596-6bd7117ec2b8.pdf,正式章程与官方考纲,2026-09-15,计算机科学与技术,bbc-120847c342f6
axhu-2026,2026,anhui,computer-science,axhu,安徽新华学院,民办,安徽新华学院校本部（安徽省合肥市高新区望江西路555号）,财经商贸大类、医药卫生大类、电子与信息大类、教育与体育大类、装备制造大类、土木建筑大类、交通运输大类、文化艺术大类、旅游大类、公安与司法大类、公共管理与服务大类、食品药品与粮食大类、新闻传播大类、农林牧渔大类、水利大类、能源动力与材料大类、轻工纺织大类、资源环境与安全大类、生物与化工大类,高等数学|英语,计算机专业基础|C语言程序设计,320,https://zhaosheng.axhu.edu.cn/upload/2026/3/1818192298.pdf,https://zhaosheng.axhu.edu.cn/contents/2685/257592.html,正式章程与官方考纲,2026-09-15,计算机科学与技术,axhu-2f0a8e688f11
slu-2026,2026,anhui,computer-science,slu,安徽三联学院,民办,安徽三联学院校本部（安徽省合肥市经济技术开发区合安路47号）,财经商贸大类、医药卫生大类、电子与信息大类、教育与体育大类、装备制造大类、土木建筑大类、交通运输大类、文化艺术大类、旅游大类、公安与司法大类、公共管理与服务大类、食品药品与粮食大类、新闻传播大类、农林牧渔大类、水利大类、能源动力与材料大类、轻工纺织大类、资源环境与安全大类、生物与化工大类,高等数学|英语,计算机专业基础|C语言程序设计,360,https://zsb.slu.edu.cn/2026/0312/c462a56211/page.htm,https://zsb.slu.edu.cn/2025/1104/c462a54468/page.htm,正式章程与官方考纲,2026-09-15,计算机科学与技术,slu-218d40d1e649
hfue-computer-2026,2026,anhui,computer-science,hfue,合肥经济学院,民办,软件工程、计算机科学与技术：合肥经济学院（章程列示高教基地校区、新桥校区，具体培养校区以学校安排为准）,电子与信息大类、农林牧渔大类、资源环境与安全大类、能源动力与材料大类、土木建筑大类、水利大类、装备制造大类、生物与化工大类、轻工纺织大类、食品药品与粮食大类、交通运输大类、医药卫生大类、财经商贸大类、旅游大类、新闻传播大类、教育与体育大类、公安与司法大类、公共管理与服务大类、文化艺术大类,高等数学|英语,计算机专业基础|C语言程序设计,450,https://www.hfue.edu.cn/zsw/col285/62114,https://www.hfue.edu.cn/zsw/col295/56469,2026正式章程与官方考纲,2026-09-19,软件工程|计算机科学与技术,hfue-6b8328eeec84
masu-computer-2026,2026,anhui,computer-science,masu,马鞍山学院,民办,计算机科学与技术、软件工程：马鞍山学院校本部（安徽省马鞍山市当涂县姑孰镇黄池路8号）,电子与信息大类,高等数学|英语,C语言程序设计|计算机专业基础,320,https://zs.masu.edu.cn/2026/0318/c168a75656/page.htm,https://zs.masu.edu.cn/2025/1029/c167a71330/page.htm,2026正式章程与官方考纲,2026-09-19,计算机科学与技术|软件工程,masu-19d1db8a399d
hnnu-network-2026,2026,anhui,computer-science,hnnu,淮南师范学院,公办,网络工程：淮南师范学院（泉山校区/朝阳校区，具体培养校区以学校安排为准）,电子与信息大类、交通运输大类、能源动力与材料大类、生物与化工大类、食品药品与粮食大类、水利大类、土木建筑大类、装备制造大类、资源环境与安全大类,高等数学|英语,计算机专业基础|C程序设计,100,https://zsb.hnnu.edu.cn/2026/0319/c4552a166809/page.htm,https://zsb.hnnu.edu.cn/2026/0319/c4552a166809/page.htm,2026正式章程与官方考纲,2026-09-19,网络工程,hnnu-6ff228e9650c
hnnu-cs-huuc-2026,2026,anhui,computer-science,hnnu,淮南师范学院,公办,计算机科学与技术：淮南联合大学（安徽省淮南市田家庵区洞山西路）,电子与信息大类、交通运输大类、能源动力与材料大类、生物与化工大类、食品药品与粮食大类、水利大类、土木建筑大类、装备制造大类、资源环境与安全大类,高等数学|英语,计算机专业基础|C程序设计,50,https://zsb.hnnu.edu.cn/2026/0319/c4552a166809/page.htm,https://zsb.hnnu.edu.cn/2026/0319/c4552a166809/page.htm,2026正式章程与官方考纲,2026-09-19,计算机科学与技术,hnnu-6ff228e9650c
hblg-cs-2026,2026,anhui,computer-science,hblg,淮北理工学院,民办,计算机科学与技术：淮北理工学院校本部（安徽省淮北市杜集区高岳街道青年路8号）,农林牧渔大类、资源环境与安全大类、能源动力与材料大类、土木建筑大类、水利大类、装备制造大类、生物与化工大类、轻工纺织大类、食品药品与粮食大类、交通运输大类、电子与信息大类、医药卫生大类、财经商贸大类、旅游大类、文化艺术大类、新闻传播大类、教育与体育大类、公安与司法大类、公共管理与服务大类,高等数学|英语,计算机专业基础|C语言程序设计,120,https://zsb.hblgxy.edu.cn/info/1020/2361.htm,https://zsb.hblgxy.edu.cn/info/1020/2361.htm,2026正式章程与官方考纲,2026-09-20,计算机科学与技术,hblg-8d9af804d48a
hblg-ai-2026,2026,anhui,computer-science,hblg,淮北理工学院,民办,人工智能：淮北理工学院校本部（安徽省淮北市杜集区高岳街道青年路8号）,农林牧渔大类、资源环境与安全大类、能源动力与材料大类、土木建筑大类、水利大类、装备制造大类、生物与化工大类、轻工纺织大类、食品药品与粮食大类、交通运输大类、电子与信息大类、医药卫生大类、财经商贸大类、旅游大类、文化艺术大类、新闻传播大类、教育与体育大类、公安与司法大类、公共管理与服务大类,高等数学|英语,计算机专业基础|C语言程序设计,120,https://zsb.hblgxy.edu.cn/info/1020/2361.htm,https://zsb.hblgxy.edu.cn/info/1020/2361.htm,2026正式章程与官方考纲,2026-09-20,人工智能,hblg-8d9af804d48a
hblg-data-2026,2026,anhui,computer-science,hblg,淮北理工学院,民办,数据科学与大数据技术：淮北理工学院校本部（安徽省淮北市杜集区高岳街道青年路8号）,农林牧渔大类、资源环境与安全大类、能源动力与材料大类、土木建筑大类、水利大类、装备制造大类、生物与化工大类、轻工纺织大类、食品药品与粮食大类、交通运输大类、电子与信息大类、医药卫生大类、财经商贸大类、旅游大类、文化艺术大类、新闻传播大类、教育与体育大类、公安与司法大类、公共管理与服务大类,高等数学|英语,计算机专业基础|C语言程序设计,120,https://zsb.hblgxy.edu.cn/info/1020/2361.htm,https://zsb.hblgxy.edu.cn/info/1020/2361.htm,2026正式章程与官方考纲,2026-09-20,数据科学与大数据技术,hblg-8d9af804d48a
wjut-cs-2026,2026,anhui,computer-science,wjut,皖江工学院,民办,计算机科学与技术：皖江工学院（霍里山大道333号、郑蒲港新区河海中路666号；具体培养校区以学校安排为准）,电子与信息大类、财经商贸大类、土木建筑大类、装备制造大类、交通运输大类、生物与化工大类、教育与体育大类、公共管理与服务大类、文化艺术大类、旅游大类、新闻传播大类、农林牧渔大类、食品药品与粮食大类、公安与司法大类,高等数学|英语,C语言程序设计|数据库技术与应用,80,https://www.wjut.edu.cn/zhao-sheng-zhuan-ti/zhao-sheng-zhang-cheng/pageinfo1000010000026232.html,https://www.wjut.edu.cn/zhao-sheng-zhuan-ti/zhao-sheng-kuai-xun/pageinfo1000010000025763.html,2026正式章程与官方考纲,2026-09-20,计算机科学与技术,wjut-a0b4fe51c3ad
fyut-cs-2026,2026,anhui,computer-science,fyut,阜阳理工学院,民办,计算机科学与技术：阜阳理工学院校本部（安徽省阜阳市颍州区阜临路169号）,电子与信息大类,高等数学|英语,计算机专业基础|C语言程序设计,90,https://fyut.edu.cn/c/zsw/ZSJZ/41558.jhtml,https://fyut.edu.cn/u/cms/zsw/202603/18181621okxh.zip,2026正式章程与官方考纲,2026-09-20,计算机科学与技术,fyut-2f6267c91540
ahjzu-cs-2026,2026,anhui,computer-science,ahjzu,安徽建筑大学,公办,计算机科学与技术：安徽城市管理职业学院（安徽省合肥市新站区淮海大道300号）,电子与信息大类、装备制造大类,高等数学|英语,计算机专业基础|C语言程序设计,60,https://www.ahjzu.edu.cn/zsw/2026/0204/c2390a263781/page.htm,https://www.ahjzu.edu.cn/_upload/article/files/6f/84/3e9dfa6d499a97167aaece606f6b/cf2e1b8f-26d3-45d9-9296-e6356d16bf62.pdf,2026正式章程与官方考纲,2026-09-20,计算机科学与技术,ahjzu-94b53dcb5d70
hfuu-cs-2026,2026,anhui,computer-science,hfuu,合肥大学,公办,计算机科学与技术：合肥大学（安徽省合肥市经济技术开发区锦绣大道99号、158号）,电子与信息大类,高等数学|英语,计算机专业基础|C语言程序设计,50,https://www.hfuu.edu.cn/zs/5d/08/c12151a154888/page.htm,https://www.hfuu.edu.cn/zs/59/f7/c3032a154103/page.htm,2026正式章程与官方考纲,2026-09-20,计算机科学与技术,hfuu-e7b038e757ea
tlu-digital-media-2026,2026,anhui,computer-science,tlu,铜陵学院,公办,数字媒体技术：铜陵职业技术学院（安徽省铜陵市铜官区翠湖四路2689号）,电子与信息大类、文化艺术大类、新闻传播大类,高等数学|英语,多媒体技术基础|C语言程序设计,30,https://zsb.tlu.edu.cn/2026/0319/c1751a126213/page.htm,https://zsb.tlu.edu.cn/_upload/article/files/27/af/27d9464d4a5986457707170fa3ec/94f5c5a3-fc1c-4051-bbc9-511012319951.pdf,2026正式章程与官方考纲,2026-09-21,数字媒体技术,tlu-c78e1a6c6001
ahut-cs-2026,2026,anhui,computer-science,ahut,安徽工业大学,公办,计算机科学与技术：安徽机电职业技术学院（安徽省芜湖市弋江区高教园区文津西路16号）,装备制造大类、电子与信息大类,高等数学|英语,计算机科学导论|C程序设计,50,https://zs.ahut.edu.cn/info/6056/3024.htm,https://zs.ahut.edu.cn/__local/A/6F/9B/CAB8096D8BC7B704234C98ECD94_F6716DD8_B8464.pdf,2026正式章程与官方考纲,2026-09-22,计算机科学与技术,ahut-ca46baa6a246
ahut-iot-2026,2026,anhui,computer-science,ahut,安徽工业大学,公办,物联网工程：合肥职业技术学院汇心湖校区（安徽省合肥市新站区岱河路2号）,装备制造大类、交通运输大类、电子与信息大类,高等数学|英语,计算机科学导论|C程序设计,40,https://zs.ahut.edu.cn/info/6056/3024.htm,https://zs.ahut.edu.cn/__local/A/6F/9B/CAB8096D8BC7B704234C98ECD94_F6716DD8_B8464.pdf,2026正式章程与官方考纲,2026-09-22,物联网工程,ahut-ca46baa6a246
auta-network-engineering-2026,2026,anhui,computer-science,auta,安徽职业技术大学,公办,网络工程技术：校本部（安徽省合肥市新站区文忠路2600号）,装备制造大类、电子与信息大类,高等数学|英语,计算机基础|C语言,100,https://www.uta.edu.cn/zsw/2026/0319/c3241a168582/page.htm,https://www.uta.edu.cn/_upload/article/files/11/31/f81ff640420fbcd3c42313f10970/1f7e4553-78c3-459b-9057-e94bfcc905f8.pdf,2026正式章程与官方考纲,2026-09-23,网络工程技术,auta-2c833da2b4b2
uwh-cs-2026,2026,anhui,computer-science,uwh,芜湖学院,民办,计算机科学与技术：芜湖学院校本部（安徽省芜湖市鸠江区苏州路66号）,农林牧渔大类、资源环境与安全大类、能源动力与材料大类、土木建筑大类、水利大类、装备制造大类、生物与化工大类、轻工纺织大类、食品药品与粮食大类、交通运输大类、电子与信息大类、医药卫生大类、财经商贸大类、旅游大类、文化艺术大类、新闻传播大类、教育与体育大类、公安与司法大类、公共管理与服务大类,高等数学|英语,计算机专业基础|C语言程序设计,100,https://www.uwh.edu.cn/zsw/detail/434/15349.html,https://www.uwh.edu.cn/uploads/article/20251122/640a1d9bf2ac5aeec239bd28a3dd5a2d.pdf,2026正式章程与官方考纲,2026-09-26,计算机科学与技术,uwh-f9f84da3c856
wxc-network-2026,2026,anhui,computer-science,wxc,皖西学院,公办,网络工程：皖西学院本部（安徽省六安市云露桥西月亮岛）,资源环境与安全大类、能源动力与材料大类、土木建筑大类、水利大类、装备制造大类、交通运输大类、电子与信息大类,高等数学|英语,计算机网络|C语言程序设计,50,http://zsb.wxc.edu.cn/2026/0319/c270a211177/page.htm,http://zsb.wxc.edu.cn/_upload/article/files/8b/4f/53caeb5d4bb18157fd3e1db9625d/40a7ba02-ea56-4257-b910-508297c2d7f6.pdf,2026正式章程与官方考纲（官方招生网 HTTP 入口）,2026-09-27,网络工程,wxc-7fd9a0bc363d
ahnu-software-2026,2026,anhui,computer-science,ahnu,安徽师范大学,公办,软件工程：安徽师范大学天门山校区（安徽省芜湖市九华北路171号）,电子与信息大类,高等数学|英语,计算机专业基础|C语言程序设计,80,https://zsxx.ahnu.edu.cn/info/1042/4133.htm,https://zsxx.ahnu.edu.cn/info/1042/4133.htm,2026正式章程与官方考纲（附件下载需验证码，内容依据用户提供的官方附件核验）,2026-09-29,软件工程,ahnu-b889adeeb580
ahstu-cs-2026,2026,anhui,computer-science,ahstu,安徽科技工程大学,公办,计算机科学与技术：滁州职业技术学院（安徽省滁州市丰乐大道2188号）,"{电子与信息大类,能源动力与材料大类,装备制造大类,交通运输大类}",高等数学|英语,计算机专业基础|C语言程序设计,50,https://www.ahstu.edu.cn/zsc/info/1056/6385.htm,https://www.ahstu.edu.cn/zsc/info/1042/5945.htm,2026正式章程与官方考纲（考纲附件下载需验证码，内容依据用户提供的官方附件核验）,2026-09-30,计算机科学与技术,ahstu-0d8f4dc6b6b6
czu-network-2026,2026,anhui,computer-science,czu,池州学院,公办,网络工程：安徽警官职业学院西区（安徽省合肥市蜀山区清溪路78号）,"{能源动力与材料大类,电子与信息大类,装备制造大类,交通运输大类,公安与司法大类}",高等数学|英语,计算机基础|C语言程序设计,100,https://zs.czu.edu.cn/info/1008/1745.htm,https://zs.czu.edu.cn/info/1004/1711.htm,2026正式章程与官方考纲（考纲附件下载需验证码，内容依据用户提供的官方附件核验）,2026-09-30,网络工程,czu-f785b2494bbe
aufe-cs-acvtc-2026,2026,anhui,computer-science,aufe,安徽财经大学,公办,计算机科学与技术：安徽财贸职业学院蜀山校区（安徽省合肥市蜀山区玉兰大道7号）,{电子与信息大类},高等数学|英语,计算机专业基础|程序设计,100,https://zsjy.aufe.edu.cn/newsInfo/230,https://zsjy.aufe.edu.cn/newsInfo/230,2026正式章程与官方考纲（内容依据学校官方发布页及用户提供的官方附件核验）,2026-09-30,计算机科学与技术,aufe-70444057bf65
aufe-intelligent-acvtc-2026,2026,anhui,computer-science,aufe,安徽财经大学,公办,智能科学与技术：安徽财贸职业学院蜀山校区（安徽省合肥市蜀山区玉兰大道7号）,"{电子与信息大类,装备制造大类}",高等数学|英语,智能科学与技术专业基础|程序设计,100,https://zsjy.aufe.edu.cn/newsInfo/230,https://zsjy.aufe.edu.cn/newsInfo/230,2026正式章程与官方考纲（内容依据学校官方发布页及用户提供的官方附件核验）,2026-09-30,智能科学与技术,aufe-4e227ba75932
aufe-cs-audit-2026,2026,anhui,computer-science,aufe,安徽财经大学,公办,计算机科学与技术：安徽审计职业学院（安徽省合肥市经济技术开发区方兴大道509号）,{电子与信息大类},高等数学|英语,计算机专业基础|程序设计,100,https://zsjy.aufe.edu.cn/newsInfo/230,https://zsjy.aufe.edu.cn/newsInfo/230,2026正式章程与官方考纲（内容依据学校官方发布页及用户提供的官方附件核验）,2026-09-30,计算机科学与技术,aufe-70444057bf65
fynu-software-2026,2026,anhui,computer-science,fynu,阜阳师范大学,公办,软件工程：安徽工商职业学院双凤校区（安徽省合肥市双凤经济开发区金宁路北16号）,"{能源动力与材料大类,装备制造大类,电子与信息大类,交通运输大类}",高等数学|英语,计算机专业基础|C语言程序设计,100,https://www.fynu.edu.cn/bkzsxxw/info/1010/5876.htm,https://www.fynu.edu.cn/bkzsxxw/info/1010/5675.htm,2026正式章程与官方考纲（考纲ZIP下载需验证码，内容依据用户提供的官方软件工程考纲PDF核验）,2026-10-02,软件工程,fynu-58103a73197e
