resource_id,topic_tags,title,platform,creator,url,resource_type,difficulty,duration_text,recommendation_reason,priority,verified_at,status
res-math-2,math-function|math-limit|math-derivative|math-integral,《高等数学》全程教学视频 2.0版,哔哩哔哩,宋浩老师官方,https://www.bilibili.com/video/BV1CAxaeHEeH/,系统课程,零基础,149讲,函数极限导数和积分目录完整，讲解细致且方便反复观看,1,2026-09-22,published
res-b10-ancient-chinese-literature,ancient-chinese-literature,中国古代文学,中国大学MOOC,课程页教学团队,https://www.icourse163.org/course/NJNU-1001754077,系统课程,入门,完整学期,课程内容覆盖对应官方考纲的主要知识模块，可用于系统复习与查漏补缺,1,2026-10-03,published
res-b10-traditional-chinese-medicine,traditional-chinese-medicine,中药学,中国大学MOOC,课程页教学团队,https://www.icourse163.org/course/NJUTCM-1001752319,系统课程,入门,完整学期,课程内容覆盖对应官方考纲的主要知识模块，可用于系统复习与查漏补缺,1,2026-10-03,published
res-b10-tcm-identification,tcm-identification,中药鉴定学,中国大学MOOC,课程页教学团队,https://www.icourse163.org/course/detail.htm?cid=1002126015,系统课程,入门,完整学期,课程内容覆盖对应官方考纲的主要知识模块，可用于系统复习与查漏补缺,1,2026-10-03,published
res-b10-anatomy-physiology,anatomy-physiology,人体解剖生理学,中国大学MOOC,课程页教学团队,https://www.icourse163.org/course/detail.htm?cid=1002527016,系统课程,入门,完整学期,课程内容覆盖对应官方考纲的主要知识模块，可用于系统复习与查漏补缺,1,2026-10-03,published
res-artificial-intelligence-1,artificial-intelligence,人工智能导论,中国大学MOOC,高校人工智能课程团队,https://www.icourse163.org/course/detail.htm?cid=1207042802,系统课程,入门,完整学期,课程页覆盖人工智能基础、机器学习、模式识别与典型智能应用，可对应智能科学与技术专业基础考纲,1,2026-09-30,published
res-b10-medical-nursing,medical-nursing,内科护理学,中国大学MOOC,课程页教学团队,https://www.icourse163.org/course/SYSU-1003467010,系统课程,入门,完整学期,课程内容覆盖对应官方考纲的主要知识模块，可用于系统复习与查漏补缺,1,2026-10-03,published
res-b10-agriculture-intro,agriculture-intro,农业概论,中国大学MOOC,课程页教学团队,https://www.icourse163.org/course/detail.htm?cid=1205678804,系统课程,入门,完整学期,课程内容覆盖对应官方考纲的主要知识模块，可用于系统复习与查漏补缺,1,2026-10-03,published
res-b10-chemical-engineering,chemical-engineering,化工导论,中国大学MOOC,课程页教学团队,https://www.icourse163.org/course/TJU-1002579002,系统课程,入门,完整学期,课程内容覆盖对应官方考纲的主要知识模块，可用于系统复习与查漏补缺,1,2026-10-03,published
res-b10-medical-imaging,medical-imaging,医学影像诊断学,中国大学MOOC,课程页教学团队,https://www.icourse163.org/course/NMU-1449922190,系统课程,入门,完整学期,课程内容覆盖对应官方考纲的主要知识模块，可用于系统复习与查漏补缺,1,2026-10-03,published
res-english-1,english-grammar|english-reading,四六级、考研英语语法零基础急速通关,哔哩哔哩,晓艳教英语,https://www.bilibili.com/video/BV1eC1WBgE2G/,系统课程,零基础,6个专题约24小时,从简单句讲到从句和长难句，适合补语法并提升阅读拆句能力,1,2026-09-22,published
res-b10-international-trade,international-trade,国际贸易实务,中国大学MOOC,课程页教学团队,https://www.icourse163.org/course/SJU-1471601162,系统课程,入门,完整学期,课程内容覆盖对应官方考纲的主要知识模块，可用于系统复习与查漏补缺,1,2026-10-03,published
res-b10-nursing-foundations,nursing-foundations,基础护理学,中国大学MOOC,课程页教学团队,https://www.icourse163.org/course/sdu-195001,系统课程,入门,完整学期,课程内容覆盖对应官方考纲的主要知识模块，可用于系统复习与查漏补缺,1,2026-10-03,published
res-multimedia-1,multimedia-basic,多媒体技术与应用,中国大学MOOC,同济大学,https://www.icourse163.org/course/TONGJI-1002215007,系统课程,入门,7单元,具体课程页覆盖多媒体基础、音频、图像、动画、视频与压缩编码，和铜陵学院多媒体技术基础考纲直接匹配,1,2026-09-22,published
res-b10-university-chemistry,university-chemistry,大学化学,中国大学MOOC,课程页教学团队,https://www.icourse163.org/course/TJU-1002533008,系统课程,入门,完整学期,课程内容覆盖对应官方考纲的主要知识模块，可用于系统复习与查漏补缺,1,2026-10-03,published
res-english-vocabulary-1,english-vocabulary,大学英语词汇,中国大学MOOC,北京交通大学,https://www.icourse163.org/course/NJTU-1002528009,专项课程,入门,12单元,具体课程页系统讲解大学英语高频词汇、词组、记忆方法与语境应用，适合补强专升本英语词汇基础,1,2026-09-22,published
res-basic-1,computer-basics|computer-office,大学计算机基础,中国大学MOOC,中原工学院,https://www.icourse163.org/course/detail.htm?cid=1001796021,系统课程,零基础,完整学期,具体课程页可直接查看大纲，覆盖系统组成信息编码操作系统和办公软件,1,2026-09-22,published
res-b10-college-chinese,college-chinese,大学语文,中国大学MOOC,课程页教学团队,https://www.icourse163.org/course/NWU-1001756009,系统课程,入门,完整学期,课程内容覆盖对应官方考纲的主要知识模块，可用于系统复习与查漏补缺,1,2026-10-03,published
res-big-data-1,big-data,大数据技术原理与应用,中国大学MOOC,厦门大学,https://www.icourse163.org/course/XMU-1002335004,系统课程,入门,完整学期,国家精品课程覆盖大数据概念、Hadoop、HDFS、HBase、MapReduce与Spark，可对应考纲中的大数据技术章节,1,2026-09-30,published
res-b10-child-psychology,child-psychology,学前儿童发展心理学,中国大学MOOC,课程页教学团队,https://www.icourse163.org/course/detail.htm?cid=1452100178,系统课程,入门,完整学期,课程内容覆盖对应官方考纲的主要知识模块，可用于系统复习与查漏补缺,1,2026-10-03,published
res-b10-preschool-education,preschool-education,学前教育学,中国大学MOOC,课程页教学团队,https://www.icourse163.org/course/SWU-1002527012,系统课程,入门,完整学期,课程内容覆盖对应官方考纲的主要知识模块，可用于系统复习与查漏补缺,1,2026-10-03,published
res-english-writing-1,english-writing,实用英语写作,中国大学MOOC,郑州工程技术学院,https://www.icourse163.org/course/ZHZHU-1206695856,专项课程,入门,4章,具体课程页覆盖句子与段落组织、常用文体、应用文和应试写作，能直接补强英语写作知识点,1,2026-09-22,published
res-b10-engineering-mechanics,engineering-mechanics,工程力学,中国大学MOOC,课程页教学团队,https://www.icourse163.org/course/detail.htm?cid=1001795015,系统课程,入门,完整学期,课程内容覆盖对应官方考纲的主要知识模块，可用于系统复习与查漏补缺,1,2026-10-03,published
res-b10-engineering-survey,engineering-survey,工程测量,中国大学MOOC,课程页教学团队,https://www.icourse163.org/course/detail.htm?cid=1206646809,系统课程,入门,完整学期,课程内容覆盖对应官方考纲的主要知识模块，可用于系统复习与查漏补缺,1,2026-10-03,published
res-b10-marketing,marketing,市场营销学,中国大学MOOC,课程页教学团队,https://www.icourse163.org/course/detail.htm?cid=1450262184,系统课程,入门,完整学期,课程内容覆盖对应官方考纲的主要知识模块，可用于系统复习与查漏补缺,1,2026-10-03,published
res-b10-rehab-treatment,rehab-treatment,康复治疗技术,中国大学MOOC,课程页教学团队,https://www.icourse163.org/course/201908-1449631161,系统课程,入门,完整学期,课程内容覆盖对应官方考纲的主要知识模块，可用于系统复习与查漏补缺,1,2026-10-03,published
res-b10-rehab-assessment,rehab-assessment,康复评定学,中国大学MOOC,课程页教学团队,https://www.icourse163.org/course/BZYXY-1207453801,系统课程,入门,完整学期,课程内容覆盖对应官方考纲的主要知识模块，可用于系统复习与查漏补缺,1,2026-10-03,published
res-b10-microeconomics,microeconomics,微观经济学,中国大学MOOC,课程页教学团队,https://www.icourse163.org/course/detail.htm?cid=1003544054,系统课程,入门,完整学期,课程内容覆盖对应官方考纲的主要知识模块，可用于系统复习与查漏补缺,1,2026-10-03,published
res-b10-psychology,psychology,心理学入门,中国大学MOOC,课程页教学团队,https://www.icourse163.org/course/detail.htm?cid=1002525010,系统课程,入门,完整学期,课程内容覆盖对应官方考纲的主要知识模块，可用于系统复习与查漏补缺,1,2026-10-03,published
res-b10-tuina,tuina,推拿学,中国大学MOOC,课程页教学团队,https://www.icourse163.org/course/NJUTCM-1466083224,系统课程,入门,完整学期,课程内容覆盖对应官方考纲的主要知识模块，可用于系统复习与查漏补缺,1,2026-10-03,published
res-b10-education,education,教育学原理,中国大学MOOC,课程页教学团队,https://www.icourse163.org/course/detail.htm?cid=1450290442,系统课程,入门,完整学期,课程内容覆盖对应官方考纲的主要知识模块，可用于系统复习与查漏补缺,1,2026-10-03,published
res-db-1,database-basic|database-sql|database-design,数据库系统概论,中国大学MOOC,河南理工大学,https://www.icourse163.org/course/detail.htm?cid=1003369002,系统课程,入门,完整学期,具体课程页覆盖数据模型、关系数据库、SQL、完整性、安全性与数据库设计，可对应皖江工学院正式考纲,1,2026-09-22,published
res-ds-1,data-structure-linear|data-structure-tree|data-structure-graph|data-structure-sort,数据结构与算法基础,哔哩哔哩,王卓老师,https://www.bilibili.com/video/BV1Ts411c7ZX/,系统课程,零基础,173讲,王卓老师本人发布，按线性表栈队列树图查找和排序组织内容,1,2026-09-22,published
res-b10-tourism,tourism,旅游学概论,中国大学MOOC,课程页教学团队,https://www.icourse163.org/course/detail.htm?cid=1002127013,系统课程,入门,完整学期,课程内容覆盖对应官方考纲的主要知识模块，可用于系统复习与查漏补缺,1,2026-10-03,published
res-b10-inorganic-chemistry,inorganic-chemistry,无机化学,中国大学MOOC,课程页教学团队,https://www.icourse163.org/course/DLUT-1001630001,系统课程,入门,完整学期,课程内容覆盖对应官方考纲的主要知识模块，可用于系统复习与查漏补缺,1,2026-10-03,published
res-b10-general-biology,general-biology,普通生物学,中国大学MOOC,课程页教学团队,https://www.icourse163.org/course/detail.htm?cid=1002428002,系统课程,入门,完整学期,课程内容覆盖对应官方考纲的主要知识模块，可用于系统复习与查漏补缺,1,2026-10-03,published
res-b10-mechanical-drawing,mechanical-drawing,机械制图,中国大学MOOC,课程页教学团队,https://www.icourse163.org/course/detail.htm?cid=1002746007,系统课程,入门,完整学期,课程内容覆盖对应官方考纲的主要知识模块，可用于系统复习与查漏补缺,1,2026-10-03,published
res-b10-modern-chinese,modern-chinese,现代汉语,中国大学MOOC,课程页教学团队,https://www.icourse163.org/course/HRBNU-1471185177,系统课程,入门,完整学期,课程内容覆盖对应官方考纲的主要知识模块，可用于系统复习与查漏补缺,1,2026-10-03,published
res-b10-biochemistry,biochemistry,生物化学,中国大学MOOC,课程页教学团队,https://www.icourse163.org/course/CMU-1002125003,系统课程,入门,完整学期,课程内容覆盖对应官方考纲的主要知识模块，可用于系统复习与查漏补缺,1,2026-10-03,published
res-b10-electrical-basics,electrical-basics,电工基础,中国大学MOOC,课程页教学团队,https://www.icourse163.org/course/detail.htm?cid=1001753144,系统课程,入门,完整学期,课程内容覆盖对应官方考纲的主要知识模块，可用于系统复习与查漏补缺,1,2026-10-03,published
res-information-security-1,information-security,移动互联网时代的信息安全防护,中国大学MOOC,南京师范大学,https://www.icourse163.org/course/detail.htm?cid=1206031809,系统课程,入门,10章,课程页公开覆盖设备、数据、身份、操作系统、网络、应用软件和信息内容安全，并兼顾法律与安全管理。,1,2026-09-26,published
res-b10-management,management,管理学,中国大学MOOC,课程页教学团队,https://www.icourse163.org/course/JNU-1002534011,系统课程,入门,完整学期,课程内容覆盖对应官方考纲的主要知识模块，可用于系统复习与查漏补缺,1,2026-10-03,published
res-b10-comprehensive-english,comprehensive-english,综合英语,中国大学MOOC,课程页教学团队,https://www.icourse163.org/course/csu-1003376007,系统课程,入门,完整学期,课程内容覆盖对应官方考纲的主要知识模块，可用于系统复习与查漏补缺,1,2026-10-03,published
res-b10-pharmaceutics,pharmaceutics,药剂学,中国大学MOOC,课程页教学团队,https://www.icourse163.org/course/SYPHU-1472004165,系统课程,入门,完整学期,课程内容覆盖对应官方考纲的主要知识模块，可用于系统复习与查漏补缺,1,2026-10-03,published
res-b10-pharmacology,pharmacology,药理学,中国大学MOOC,课程页教学团队,https://www.icourse163.org/course/detail.htm?cid=1002126002,系统课程,入门,完整学期,课程内容覆盖对应官方考纲的主要知识模块，可用于系统复习与查漏补缺,1,2026-10-03,published
res-network-1,network-basic|network-data|network-ip|network-transport,计算机网络微课堂（有字幕无背景音乐版）,哔哩哔哩,湖科大教书匠,https://www.bilibili.com/video/BV1c4411d7jb/,系统课程,零基础,73讲,UP主本人发布，用动画讲解分层协议局域网IP和TCP等抽象概念,1,2026-09-22,published
res-b10-diagnostics,diagnostics,诊断学,中国大学MOOC,课程页教学团队,https://www.icourse163.org/course/detail.htm?cid=1450304205,系统课程,入门,完整学期,课程内容覆盖对应官方考纲的主要知识模块，可用于系统复习与查漏补缺,1,2026-10-03,published
res-software-engineering-1,software-engineering,软件工程,中国大学MOOC,国家级一流线上课程团队,https://www.icourse163.org/course/detail.htm?cid=1001812013,系统课程,入门,10章,课程页公开列出软件过程、生命周期模型、需求、面向对象分析设计、测试与维护，覆盖芜湖学院软件工程章节。,1,2026-09-26,published
res-b10-acupuncture,acupuncture,针灸学,中国大学MOOC,课程页教学团队,https://www.icourse163.org/course/NJUTCM-1001754311,系统课程,入门,完整学期,课程内容覆盖对应官方考纲的主要知识模块，可用于系统复习与查漏补缺,1,2026-10-03,published
res-b10-preventive-medicine,preventive-medicine,预防医学,中国大学MOOC,课程页教学团队,https://www.icourse163.org/course/1004FDU001A-20015,系统课程,入门,完整学期,课程内容覆盖对应官方考纲的主要知识模块，可用于系统复习与查漏补缺,1,2026-10-03,published
res-c-1,c-language-basic|c-language-control|c-language-array|c-language-pointer,黑马程序员C语言零基础入门到精通,哔哩哔哩,黑马程序员,https://www.bilibili.com/video/BV1Xa4y1k7LU/,系统课程,零基础,165讲,从环境搭建讲到指针与内存管理，内容完整且明确适用于专升本复习,1,2026-09-22,published
res-c-2,c-language-basic|c-language-control|c-language-array|c-language-pointer,C语言学习：鹏哥带你从入门到进阶,哔哩哔哩,比特就业课·鹏哥,https://www.bilibili.com/video/BV1TT4y1F7Z9/,系统课程,系统学习,231讲,作为第二种讲解思路，适合跟练基础语法并攻克数组函数和指针,2,2026-09-22,published
res-basic-2,computer-basics|network-basic,信息技术1（计算机基础）,中国大学MOOC,北京航空航天大学,https://www.icourse163.org/course/detail.htm?cid=1002188002,系统课程,零基础,完整学期,具体课程页覆盖计算机原理软件平台网络平台与数据处理基础,2,2026-09-22,published
res-db-2,database-basic|database-sql|database-design,数据库系统原理,中国大学MOOC,郑州大学,https://www.icourse163.org/course/detail.htm?cid=1207193801,系统课程,系统学习,80个知识点,具体课程页覆盖ER模型、关系模型、SQL、完整性、安全性与数据库设计，适合作为第二套系统讲解,2,2026-09-22,published
res-ds-2,data-structure-linear|data-structure-tree|data-structure-graph|data-structure-sort,浙江大学数据结构,哔哩哔哩,陈越·何钦铭,https://www.bilibili.com/video/BV1qU4y1v7p2/,系统课程,系统学习,149讲,章节短而清楚，适合在王卓课程之外补充算法思路与实现方法,2,2026-09-22,published
res-english-2,english-vocabulary|english-grammar|english-reading|english-writing,零基础英语：基础、语法与做题技巧,哔哩哔哩,尚德机构自考官方号,https://www.bilibili.com/video/BV18YtnzbEGS/,专项课程,零基础,20讲,内容覆盖语法翻译做题技巧和写作，与学历提升英语备考较贴近,2,2026-09-22,published
res-math-1,math-function|math-limit|math-derivative|math-integral,高等数学（一）,中国大学MOOC,同济大学,https://www.icourse163.org/course/TONGJI-53004,系统课程,入门,完整学期,国家精品在线开放课程，适合按章节建立微积分基础,2,2026-09-22,published
res-basic-3,computer-basics|computer-office,1小时搞定大学计算机基础,哔哩哔哩,计算机二级小黑课堂,https://www.bilibili.com/video/BV1ft411Q76N/,冲刺课程,快速复习,约1小时,适合学完系统课程后快速串联计算机基础与Office常考内容,3,2026-09-22,published
