year,province_slug,major_slug,school_slug,subject_slug,section_order,section_name,point_order,point_id,point_title,canonical_topic
2026,anhui,computer-science,aiit,c-language,1,C语言基础,1,aiit-c-basic,数据类型、变量与表达式,c-language-basic
2026,anhui,computer-science,aiit,c-language,1,C语言基础,2,aiit-c-control,分支与循环结构,c-language-control
2026,anhui,computer-science,aiit,c-language,2,数组与函数,1,aiit-c-array,数组、函数与字符串,c-language-array
2026,anhui,computer-science,aiit,c-language,2,数组与函数,2,aiit-c-pointer,指针与结构体,c-language-pointer
2026,anhui,computer-science,aiit,computer-basics,1,计算机基础知识,1,aiit-cs-system,计算机系统组成与信息表示,computer-basics
2026,anhui,computer-science,aiit,computer-basics,2,操作系统与办公应用,1,aiit-cs-os,Windows与文件管理,computer-basics
2026,anhui,computer-science,aiit,computer-basics,2,操作系统与办公应用,2,aiit-cs-office,Word、Excel与PowerPoint,computer-office
2026,anhui,computer-science,aiit,computer-basics,3,网络基础,1,aiit-cs-network,局域网与Internet基础,network-basic
2026,anhui,computer-science,axhu,c-language,1,C语言基础,1,axhu-c-basic,程序结构、数据类型与输入输出,c-language-basic
2026,anhui,computer-science,axhu,c-language,1,C语言基础,2,axhu-c-control,顺序、选择与循环结构,c-language-control
2026,anhui,computer-science,axhu,c-language,2,复合程序设计,1,axhu-c-array,数组与字符串,c-language-array
2026,anhui,computer-science,axhu,c-language,2,复合程序设计,2,axhu-c-pointer,函数、指针与结构体,c-language-pointer
2026,anhui,computer-science,axhu,computer-basics,1,计算机基础,1,axhu-cs-system,计算机系统组成、信息表示与安全,computer-basics
2026,anhui,computer-science,axhu,computer-basics,2,操作系统与办公软件,1,axhu-cs-office,Windows 10、Word、Excel与PowerPoint,computer-office
2026,anhui,computer-science,axhu,computer-basics,3,网络与数据库,1,axhu-cs-network,计算机网络与Internet基础,network-basic
2026,anhui,computer-science,bbc,c-language,1,C语言基础,1,bbc-c-basic,程序结构、数据类型与输入输出,c-language-basic
2026,anhui,computer-science,bbc,c-language,1,C语言基础,2,bbc-c-control,选择、循环与结构化程序设计,c-language-control
2026,anhui,computer-science,bbc,c-language,2,复合程序设计,1,bbc-c-array,一维数组、二维数组与字符数组,c-language-array
2026,anhui,computer-science,bbc,c-language,2,复合程序设计,2,bbc-c-pointer,函数、指针与结构体,c-language-pointer
2026,anhui,computer-science,bbc,computer-basics,1,计算机基础,1,bbc-cs-system,计算机系统组成、信息表示与安全,computer-basics
2026,anhui,computer-science,bbc,computer-basics,2,操作系统与办公软件,1,bbc-cs-office,Windows、Word、Excel与PowerPoint,computer-office
2026,anhui,computer-science,bbc,computer-basics,3,网络基础,1,bbc-cs-network,局域网与Internet基础应用,network-basic
2026,anhui,computer-science,common,advanced-math,1,函数与极限,1,math-function,函数、定义域与基本性质,math-function
2026,anhui,computer-science,common,advanced-math,1,函数与极限,2,math-limit,数列极限与函数极限,math-limit
2026,anhui,computer-science,common,advanced-math,2,一元函数微分学,1,math-derivative,导数与微分,math-derivative
2026,anhui,computer-science,common,advanced-math,2,一元函数微分学,2,math-derivative-app,导数的应用,math-derivative
2026,anhui,computer-science,common,advanced-math,3,一元函数积分学,1,math-integral,不定积分与定积分,math-integral
2026,anhui,computer-science,common,english,1,词汇与语法,1,english-vocab,高频词汇与固定搭配,english-vocabulary
2026,anhui,computer-science,common,english,1,词汇与语法,2,english-grammar,时态、从句与非谓语,english-grammar
2026,anhui,computer-science,common,english,2,阅读与写作,1,english-reading,阅读理解方法,english-reading
2026,anhui,computer-science,common,english,2,阅读与写作,2,english-writing,应用文与短文写作,english-writing
2026,anhui,computer-science,fyut,c-language,1,C语言基础,1,fyut-c-basic,程序结构、数据类型与输入输出,c-language-basic
2026,anhui,computer-science,fyut,c-language,1,C语言基础,2,fyut-c-control,顺序、选择与循环结构,c-language-control
2026,anhui,computer-science,fyut,c-language,2,复合程序设计,1,fyut-c-array,数组、字符串与函数,c-language-array
2026,anhui,computer-science,fyut,c-language,2,复合程序设计,2,fyut-c-pointer,指针、结构体与文件,c-language-pointer
2026,anhui,computer-science,fyut,computer-basics,1,计算机系统,1,fyut-cs-system,硬件系统、数据表示与软件系统,computer-basics
2026,anhui,computer-science,fyut,computer-basics,2,操作系统与应用,1,fyut-cs-office,操作系统、文件管理与办公应用,computer-office
2026,anhui,computer-science,fyut,computer-basics,3,网络与多媒体,1,fyut-cs-network,计算机网络、Internet、Web与多媒体,network-basic
2026,anhui,computer-science,fyut,computer-basics,4,数据与新技术,1,fyut-cs-data,信息系统、数据库、云计算、大数据与安全,computer-basics
2026,anhui,computer-science,hblg,c-language,1,C语言基础,1,hblg-c-basic,数据类型、运算、输入与输出,c-language-basic
2026,anhui,computer-science,hblg,c-language,1,C语言基础,2,hblg-c-control,顺序、选择与循环结构,c-language-control
2026,anhui,computer-science,hblg,c-language,2,复合程序设计,1,hblg-c-array,数组、字符串与函数,c-language-array
2026,anhui,computer-science,hblg,c-language,2,复合程序设计,2,hblg-c-pointer,指针、结构体、联合体与枚举,c-language-pointer
2026,anhui,computer-science,hblg,computer-basics,1,信息与计算机系统,1,hblg-cs-system,信息表示、数制编码与计算机安全,computer-basics
2026,anhui,computer-science,hblg,computer-basics,1,信息与计算机系统,2,hblg-cs-hardware,计算机硬件、软件与程序设计语言,computer-basics
2026,anhui,computer-science,hblg,computer-basics,2,操作系统与办公应用,1,hblg-cs-os,操作系统、文件与文件夹管理,computer-basics
2026,anhui,computer-science,hblg,computer-basics,2,操作系统与办公应用,2,hblg-cs-office,Word、Excel与PowerPoint,computer-office
2026,anhui,computer-science,hblg,computer-basics,3,网络与Internet,1,hblg-cs-network,计算机网络、Internet与电子邮件,network-basic
2026,anhui,computer-science,hfnu,c-language,1,C语言基础,1,hfnu-c-basic,数据类型、变量与表达式,c-language-basic
2026,anhui,computer-science,hfnu,c-language,1,C语言基础,2,hfnu-c-control,分支与循环结构,c-language-control
2026,anhui,computer-science,hfnu,c-language,2,复合程序设计,1,hfnu-c-array,数组与字符串,c-language-array
2026,anhui,computer-science,hfnu,c-language,2,复合程序设计,2,hfnu-c-pointer,函数、指针与结构体,c-language-pointer
2026,anhui,computer-science,hfnu,data-structure,1,线性结构,1,hfnu-ds-linear,线性表、栈与队列,data-structure-linear
2026,anhui,computer-science,hfnu,data-structure,2,树与图,1,hfnu-ds-tree,树、二叉树与遍历,data-structure-tree
2026,anhui,computer-science,hfnu,data-structure,2,树与图,2,hfnu-ds-graph,图与图的遍历,data-structure-graph
2026,anhui,computer-science,hfnu,data-structure,3,查找与排序,1,hfnu-ds-search,查找和内部排序,data-structure-sort
2026,anhui,computer-science,hfue,c-language,1,C语言基础,1,hfue-c-basic,程序结构、算法、数据类型与输入输出,c-language-basic
2026,anhui,computer-science,hfue,c-language,1,C语言基础,2,hfue-c-control,选择、循环与结构化程序设计,c-language-control
2026,anhui,computer-science,hfue,c-language,2,复合程序设计,1,hfue-c-array,数组、字符串与函数,c-language-array
2026,anhui,computer-science,hfue,c-language,2,复合程序设计,2,hfue-c-pointer,指针、结构体、链表与编译预处理,c-language-pointer
2026,anhui,computer-science,hfue,computer-basics,1,计算机系统,1,hfue-cs-system,数制、信息表示、硬件与软件系统,computer-basics
2026,anhui,computer-science,hfue,computer-basics,2,操作系统与办公应用,1,hfue-cs-office,操作系统、文件管理与办公套件,computer-office
2026,anhui,computer-science,hfue,computer-basics,3,网络与Web,1,hfue-cs-network,局域网、Internet、Web与社交媒体,network-basic
2026,anhui,computer-science,hfue,computer-basics,4,数据与新技术,1,hfue-cs-data-security,数据库、信息系统、新技术与计算机安全,computer-basics
2026,anhui,computer-science,hnnu,c-language,1,C语言基础,1,hnnu-c-basic,程序结构、算法、数据类型与输入输出,c-language-basic
2026,anhui,computer-science,hnnu,c-language,1,C语言基础,2,hnnu-c-control,选择、循环与结构化程序设计,c-language-control
2026,anhui,computer-science,hnnu,c-language,2,复合程序设计,1,hnnu-c-array,数组、字符串、函数与递归,c-language-array
2026,anhui,computer-science,hnnu,c-language,2,复合程序设计,2,hnnu-c-pointer,指针、结构体、链表与自定义类型,c-language-pointer
2026,anhui,computer-science,hnnu,computer-basics,1,计算机基础,1,hnnu-cs-system,信息表示、系统组成与计算机安全,computer-basics
2026,anhui,computer-science,hnnu,computer-basics,2,操作系统与办公应用,1,hnnu-cs-office,Windows 10、Word、Excel与PowerPoint,computer-office
2026,anhui,computer-science,hnnu,computer-basics,3,计算机网络,1,hnnu-cs-network,OSI/TCP-IP、传输介质、IP与Internet服务,network-basic
2026,anhui,computer-science,hnnu,computer-basics,4,数据库基础,1,hnnu-cs-database,数据模型、Access对象与SQL基础,computer-basics
2026,anhui,computer-science,masu,c-language,1,C语言基础,1,masu-c-basic,程序结构、数据类型与输入输出,c-language-basic
2026,anhui,computer-science,masu,c-language,1,C语言基础,2,masu-c-control,选择、循环与嵌套结构,c-language-control
2026,anhui,computer-science,masu,c-language,2,复合程序设计,1,masu-c-array,数组、字符串与函数,c-language-array
2026,anhui,computer-science,masu,c-language,2,复合程序设计,2,masu-c-pointer,指针、结构体、文件与编译预处理,c-language-pointer
2026,anhui,computer-science,masu,computer-basics,1,计算机基础,1,masu-cs-system,信息表示、计算机系统组成与信息安全,computer-basics
2026,anhui,computer-science,masu,computer-basics,2,操作系统与文件,1,masu-cs-os,Windows 7、文件与文件夹管理,computer-basics
2026,anhui,computer-science,masu,computer-basics,3,办公应用,1,masu-cs-office,Word 2010与Excel 2010,computer-office
2026,anhui,computer-science,masu,computer-basics,4,数据与网络,1,masu-cs-data-network,数据库基础与计算机网络组成,network-basic
2026,anhui,computer-science,slu,c-language,1,C语言基础,1,slu-c-basic,数据类型、运算与输入输出,c-language-basic
2026,anhui,computer-science,slu,c-language,1,C语言基础,2,slu-c-control,顺序、选择与循环结构,c-language-control
2026,anhui,computer-science,slu,c-language,2,复合程序设计,1,slu-c-array,数组与字符串,c-language-array
2026,anhui,computer-science,slu,c-language,2,复合程序设计,2,slu-c-pointer,函数、指针与复合类型,c-language-pointer
2026,anhui,computer-science,slu,computer-basics,1,计算机基础,1,slu-cs-system,计算机系统、数制编码与安全,computer-basics
2026,anhui,computer-science,slu,computer-basics,2,操作系统与办公软件,1,slu-cs-office,操作系统、Word、Excel与PowerPoint,computer-office
2026,anhui,computer-science,slu,computer-basics,3,网络基础,1,slu-cs-network,计算机网络与Internet基础,network-basic
2026,anhui,computer-science,wenda,c-language,1,C语言基础,1,wenda-c-basic,数据类型、变量与表达式,c-language-basic
2026,anhui,computer-science,wenda,c-language,1,C语言基础,2,wenda-c-control,分支与循环结构,c-language-control
2026,anhui,computer-science,wenda,c-language,2,复合程序设计,1,wenda-c-array,数组、函数与字符串,c-language-array
2026,anhui,computer-science,wenda,c-language,2,复合程序设计,2,wenda-c-pointer,指针与结构体,c-language-pointer
2026,anhui,computer-science,wenda,computer-network,1,计算机网络概述,1,wenda-net-model,网络体系结构与协议,network-basic
2026,anhui,computer-science,wenda,computer-network,2,数据通信与局域网,1,wenda-net-data,数据通信与介质访问,network-data
2026,anhui,computer-science,wenda,computer-network,3,网络层与传输层,1,wenda-net-ip,IP地址与路由,network-ip
2026,anhui,computer-science,wenda,computer-network,3,网络层与传输层,2,wenda-net-tcp,TCP与UDP,network-transport
2026,anhui,computer-science,wjut,c-language,1,C语言基础,1,wjut-c-basic,数据类型、运算与输入输出,c-language-basic
2026,anhui,computer-science,wjut,c-language,1,C语言基础,2,wjut-c-control,顺序、选择与循环结构,c-language-control
2026,anhui,computer-science,wjut,c-language,2,复合程序设计,1,wjut-c-array,数组、字符串与函数,c-language-array
2026,anhui,computer-science,wjut,c-language,2,复合程序设计,2,wjut-c-pointer,指针、结构体与文件,c-language-pointer
2026,anhui,computer-science,wjut,database,1,数据库基础,1,wjut-db-basic,数据库概念、数据模型与关系模型,database-basic
2026,anhui,computer-science,wjut,database,2,SQL语言,1,wjut-db-sql,数据定义、查询、更新与视图,database-sql
2026,anhui,computer-science,wjut,database,3,数据库保护,1,wjut-db-security,安全性、完整性与关系规范化,database-basic
2026,anhui,computer-science,wjut,database,4,数据库设计,1,wjut-db-design,需求分析、概念设计、逻辑设计与物理设计,database-design
2026,anhui,computer-science,ahjzu,computer-basics,1,计算机与数据表示,1,ahjzu-cs-system,计算机基础、数制转换与数据表示,computer-basics
2026,anhui,computer-science,ahjzu,computer-basics,1,计算机与数据表示,2,ahjzu-cs-hardware,硬件系统、处理器、存储与输入输出设备,computer-basics
2026,anhui,computer-science,ahjzu,computer-basics,2,操作系统与网络,1,ahjzu-cs-os,操作系统基础与Windows基本使用,computer-basics
2026,anhui,computer-science,ahjzu,computer-basics,2,操作系统与网络,2,ahjzu-cs-network,网络体系、局域网、IP地址与网络安全,network-basic
2026,anhui,computer-science,ahjzu,computer-basics,3,Web与数据库,1,ahjzu-cs-web,万维网、HTML、HTTP与网页设计基础,network-basic
2026,anhui,computer-science,ahjzu,computer-basics,3,Web与数据库,2,ahjzu-cs-database,数据库系统、数据模型与关系数据库基础,database-basic
2026,anhui,computer-science,ahjzu,computer-basics,3,Web与数据库,3,ahjzu-cs-sql,关系数据库与SQL查询语句基本使用,database-sql
2026,anhui,computer-science,ahjzu,c-language,1,程序设计基础,1,ahjzu-c-basic,C程序结构、算法、数据类型与输入输出,c-language-basic
2026,anhui,computer-science,ahjzu,c-language,1,程序设计基础,2,ahjzu-c-control,顺序、分支、循环与结构化程序设计,c-language-control
2026,anhui,computer-science,ahjzu,c-language,2,复合程序设计,1,ahjzu-c-array,数组、排序算法、函数与递归,c-language-array
2026,anhui,computer-science,ahjzu,c-language,2,复合程序设计,2,ahjzu-c-pointer,指针、自定义类型、单链表与文件操作,c-language-pointer
2026,anhui,computer-science,hfuu,computer-basics,1,计算机基础知识,1,hfuu-cs-system,计算机系统、数据表示、病毒防治与信息安全,computer-basics
2026,anhui,computer-science,hfuu,computer-basics,2,操作系统与办公应用,1,hfuu-cs-os,Windows操作系统、资源管理器与文件管理,computer-basics
2026,anhui,computer-science,hfuu,computer-basics,2,操作系统与办公应用,2,hfuu-cs-word,Word文档编辑、排版与打印,computer-office
2026,anhui,computer-science,hfuu,computer-basics,2,操作系统与办公应用,3,hfuu-cs-excel,Excel公式函数、数据处理与图表,computer-office
2026,anhui,computer-science,hfuu,computer-basics,2,操作系统与办公应用,4,hfuu-cs-powerpoint,PowerPoint编辑、设计、动画与放映,computer-office
2026,anhui,computer-science,hfuu,computer-basics,3,网络与Internet,1,hfuu-cs-network,计算机网络、Internet服务与电子邮件,network-basic
2026,anhui,computer-science,hfuu,c-language,1,C语言基础,1,hfuu-c-basic,数据类型、运算、输入输出与文件读写,c-language-basic
2026,anhui,computer-science,hfuu,c-language,1,C语言基础,2,hfuu-c-control,顺序、选择、循环与嵌套结构,c-language-control
2026,anhui,computer-science,hfuu,c-language,2,复合程序设计,1,hfuu-c-array,数组、字符串、函数与递归调用,c-language-array
2026,anhui,computer-science,hfuu,c-language,2,复合程序设计,2,hfuu-c-pointer,指针、结构体、共用体、枚举与链表,c-language-pointer
2026,anhui,computer-science,hfuu,c-language,3,数据结构与算法,1,hfuu-c-linear,线性表、链式存储、栈与队列,data-structure-linear
2026,anhui,computer-science,hfuu,c-language,3,数据结构与算法,2,hfuu-c-sort,二叉树、图、查找与排序基础,data-structure-sort
2026,anhui,computer-science,tlu,multimedia,1,多媒体基础,1,tlu-mm-concepts,媒体与多媒体概念、主要特征、相关技术与素材分类,multimedia-basic
2026,anhui,computer-science,tlu,multimedia,1,多媒体基础,2,tlu-mm-audio,声音三要素、采样参数与常见音频文件格式,multimedia-basic
2026,anhui,computer-science,tlu,multimedia,2,图形图像,1,tlu-mm-image,色彩模式、图像分辨率、文件格式、矢量图与位图,multimedia-basic
2026,anhui,computer-science,tlu,multimedia,3,动画与视频,1,tlu-mm-animation,动画原理、分类、制作流程、帧类型与文件格式,multimedia-basic
2026,anhui,computer-science,tlu,multimedia,3,动画与视频,2,tlu-mm-video,视频信号源、分类、文件格式、拍摄技巧与制式,multimedia-basic
2026,anhui,computer-science,tlu,c-language,1,C语言基础,1,tlu-c-basic,程序结构、数据类型、运算与输入输出,c-language-basic
2026,anhui,computer-science,tlu,c-language,1,C语言基础,2,tlu-c-control,顺序、选择与循环结构,c-language-control
2026,anhui,computer-science,tlu,c-language,2,复合程序设计,1,tlu-c-array,数组、字符串与函数,c-language-array
2026,anhui,computer-science,tlu,c-language,2,复合程序设计,2,tlu-c-pointer,指针、结构体、链表与文件,c-language-pointer
2026,anhui,computer-science,ahut,computer-intro,1,计算机基础与系统,1,ahut-ci-overview,计算机发展、分类、信息编码、数制换算与存储单位,computer-basics
2026,anhui,computer-science,ahut,computer-intro,1,计算机基础与系统,2,ahut-ci-system,硬件系统、软件系统、微型计算机结构与性能指标,computer-basics
2026,anhui,computer-science,ahut,computer-intro,2,系统与应用软件,1,ahut-ci-os,操作系统功能、主流系统特点及安装维护使用,computer-basics
2026,anhui,computer-science,ahut,computer-intro,2,系统与应用软件,2,ahut-ci-office,字处理、电子表格与演示文稿软件应用,computer-office
2026,anhui,computer-science,ahut,computer-intro,3,网络与多媒体,1,ahut-ci-network,网络拓扑、OSI与TCP/IP模型、常用协议、局域网及网络设备,network-basic
2026,anhui,computer-science,ahut,computer-intro,3,网络与多媒体,2,ahut-ci-multimedia,多媒体、Web基础及信息表示方法,multimedia-basic
2026,anhui,computer-science,ahut,computer-intro,4,编程、安全与新技术,1,ahut-ci-programming,程序设计语言、结构化程序设计与面向对象思想,computer-basics
2026,anhui,computer-science,ahut,computer-intro,4,编程、安全与新技术,2,ahut-ci-security,计算机安全防护、隐私保护、数据备份与信息安全法规,computer-basics
2026,anhui,computer-science,ahut,computer-intro,4,编程、安全与新技术,3,ahut-ci-emerging,物联网、大数据、云计算、移动网络、人工智能与虚拟现实,computer-basics
2026,anhui,computer-science,ahut,c-language,1,C语言基础,1,ahut-c-basic,程序结构、开发调试、数据类型、运算与输入输出,c-language-basic
2026,anhui,computer-science,ahut,c-language,1,C语言基础,2,ahut-c-control,顺序、选择、循环与嵌套控制结构,c-language-control
2026,anhui,computer-science,ahut,c-language,2,数组与函数,1,ahut-c-array,数组、字符串、函数、参数传递与递归,c-language-array
2026,anhui,computer-science,ahut,c-language,2,数组与函数,2,ahut-c-preprocessor,宏定义与文件包含预处理命令,c-language-basic
2026,anhui,computer-science,ahut,c-language,3,指针与复合类型,1,ahut-c-pointer,指针、数组指针、函数参数与字符串指针,c-language-pointer
2026,anhui,computer-science,ahut,c-language,3,指针与复合类型,2,ahut-c-struct-file,结构体、共用体、枚举、typedef与文件操作,c-language-pointer
2026,anhui,computer-science,auta,computer-basics,1,计算机与数据,1,auta-basic-data,计算机基础、数制转换与数据表示,computer-basics
2026,anhui,computer-science,auta,computer-basics,1,计算机与数据,2,auta-basic-hardware,硬件系统、工作原理与输入输出设备,computer-basics
2026,anhui,computer-science,auta,computer-basics,2,系统与办公,1,auta-basic-os,操作系统基础与 Windows 10 基本使用,computer-basics
2026,anhui,computer-science,auta,computer-basics,2,系统与办公,2,auta-basic-office,Office 与 WPS 文档、表格和演示文稿,computer-office
2026,anhui,computer-science,auta,c-language,1,程序设计基础,1,auta-c-program-algorithm,C程序构成、预处理、执行过程与算法描述,c-language-basic
2026,anhui,computer-science,auta,c-language,1,程序设计基础,2,auta-c-basic,数据类型、变量、运算符、表达式与输入输出,c-language-basic
2026,anhui,computer-science,auta,c-language,1,程序设计基础,3,auta-c-control,分支、循环、跳转与嵌套控制结构,c-language-control
2026,anhui,computer-science,auta,c-language,2,数组与函数,1,auta-c-array-sort,一维、二维和字符数组与简单排序,c-language-array
2026,anhui,computer-science,auta,c-language,2,数组与函数,2,auta-c-function,函数、递归、变量作用域与存储方式,c-language-array
2026,anhui,computer-science,auta,c-language,3,指针与复合类型,1,auta-c-pointer-types,指针、字符串指针、结构体、共用体、枚举与单链表,c-language-pointer
2026,anhui,computer-science,auta,c-language,3,指针与复合类型,2,auta-c-file,文件指针、文件读写与文件操作库函数,c-language-pointer
2026,anhui,computer-science,uwh,computer-intro,1,计算机基础与系统,1,uwh-ci-overview,计算机概念、发展、分类、用途及学科知识体系,computer-basics
2026,anhui,computer-science,uwh,computer-intro,1,计算机基础与系统,2,uwh-ci-data,数制转换、逻辑代数、码制、定点浮点数与信息编码,computer-basics
2026,anhui,computer-science,uwh,computer-intro,1,计算机基础与系统,3,uwh-ci-hardware,冯·诺依曼体系结构、微型计算机硬件与输入输出系统,computer-basics
2026,anhui,computer-science,uwh,computer-intro,2,软件与应用,1,uwh-ci-system-tools,操作系统、语言翻译系统与常用工具软件,computer-basics
2026,anhui,computer-science,uwh,computer-intro,2,软件与应用,2,uwh-ci-office,文字处理、电子表格与演示文稿软件,computer-office
2026,anhui,computer-science,uwh,computer-intro,2,软件与应用,3,uwh-ci-database,数据库系统概念与SQL定义、查询、更新及应用,database-sql
2026,anhui,computer-science,uwh,computer-intro,3,网络、多媒体与工程,1,uwh-ci-multimedia,多媒体技术、通信系统、创作工具与编辑语言,multimedia-basic
2026,anhui,computer-science,uwh,computer-intro,3,网络、多媒体与工程,2,uwh-ci-network,网络体系结构、局域网、Internet服务与TCP/IP协议,network-basic
2026,anhui,computer-science,uwh,computer-intro,3,网络、多媒体与工程,3,uwh-ci-software-engineering,软件工程、软件过程、开发方法与开发模型,software-engineering
2026,anhui,computer-science,uwh,computer-intro,4,安全、应用与职业,1,uwh-ci-security,信息安全威胁、病毒、保密审计、防御技术与虚拟专用网,information-security
2026,anhui,computer-science,uwh,computer-intro,4,安全、应用与职业,2,uwh-ci-application-ethics,计算机应用领域、信息产业法规、职业道德与终身学习,information-security
2026,anhui,computer-science,uwh,c-language,1,程序设计基础,1,uwh-c-overview-algorithm,C语言特点、程序结构、运行步骤、算法与结构化程序设计,c-language-basic
2026,anhui,computer-science,uwh,c-language,1,程序设计基础,2,uwh-c-basic-io,数据类型、变量、运算符、表达式与输入输出,c-language-basic
2026,anhui,computer-science,uwh,c-language,1,程序设计基础,3,uwh-c-control,选择结构与while、do-while、for循环程序设计,c-language-control
2026,anhui,computer-science,uwh,c-language,2,数组与函数,1,uwh-c-array,一维数组、二维数组与字符数组,c-language-array
2026,anhui,computer-science,uwh,c-language,2,数组与函数,2,uwh-c-function,函数定义调用、模块化设计及局部与全局变量,c-language-array
2026,anhui,computer-science,uwh,c-language,3,指针与复合类型,1,uwh-c-pointer,指针、数组指针、函数参数、动态内存与链表,c-language-pointer
2026,anhui,computer-science,uwh,c-language,3,指针与复合类型,2,uwh-c-struct,结构体、结构体数组、共用体与枚举类型,c-language-pointer
2026,anhui,computer-science,uwh,c-language,3,指针与复合类型,3,uwh-c-file,文件类型指针、文件开关与顺序和随机读写,c-language-pointer
2026,anhui,computer-science,wxc,computer-network,1,网络基础与体系结构,1,wxc-net-overview,计算机网络定义、组成、分类与拓扑结构,network-basic
2026,anhui,computer-science,wxc,computer-network,1,网络基础与体系结构,2,wxc-net-data,数据通信、编码、传输指标、复用与交换技术,network-data
2026,anhui,computer-science,wxc,computer-network,1,网络基础与体系结构,3,wxc-net-model,网络协议要素、OSI模型与TCP/IP体系结构,network-basic
2026,anhui,computer-science,wxc,computer-network,2,局域网与交换,1,wxc-net-lan,局域网拓扑、传输介质、布线标准与CSMA/CD,network-data
2026,anhui,computer-science,wxc,computer-network,2,局域网与交换,2,wxc-net-switching,交换机转发、VLAN、STP、Trunk与链路聚合,network-basic
2026,anhui,computer-science,wxc,computer-network,3,网络层与传输层,1,wxc-net-ip,IP地址分类、子网划分、子网掩码与ARP,network-ip
2026,anhui,computer-science,wxc,computer-network,3,网络层与传输层,2,wxc-net-routing,路由、自主系统、RIP、OSPF与IPv6,network-ip
2026,anhui,computer-science,wxc,computer-network,3,网络层与传输层,3,wxc-net-transport,TCP与UDP、连接管理及拥塞控制,network-transport
2026,anhui,computer-science,wxc,computer-network,3,网络层与传输层,4,wxc-net-vpn-nat,VPN分类与NAT原理及类型,network-ip
2026,anhui,computer-science,wxc,computer-network,4,网络服务与安全,1,wxc-net-services-wlan,DNS、WWW、电子邮件、FTP与无线局域网,network-basic
2026,anhui,computer-science,wxc,computer-network,4,网络服务与安全,2,wxc-net-security,网络安全威胁、DoS、防火墙与密码体制,information-security
2026,anhui,computer-science,wxc,c-language,1,程序设计基础,1,wxc-c-overview,程序设计概念、程序结构、算法与结构化设计,c-language-basic
2026,anhui,computer-science,wxc,c-language,1,程序设计基础,2,wxc-c-basic-io,数据类型、运算符、表达式、语句与输入输出,c-language-basic
2026,anhui,computer-science,wxc,c-language,1,程序设计基础,3,wxc-c-control,关系与逻辑运算、if与switch选择结构,c-language-control
2026,anhui,computer-science,wxc,c-language,1,程序设计基础,4,wxc-c-loop,while、do-while、for循环及break与continue,c-language-control
2026,anhui,computer-science,wxc,c-language,2,数组与函数,1,wxc-c-array,一维数组、二维数组与字符数组,c-language-array
2026,anhui,computer-science,wxc,c-language,2,数组与函数,2,wxc-c-function,函数定义调用、递归及局部与全局变量,c-language-array
2026,anhui,computer-science,wxc,c-language,3,指针与复合类型,1,wxc-c-pointer,指针、数组与字符串指针、函数指针和多级指针,c-language-pointer
2026,anhui,computer-science,wxc,c-language,3,指针与复合类型,2,wxc-c-struct,结构体、链表、共用体、枚举与typedef,c-language-pointer
2026,anhui,computer-science,ahnu,computer-basics,1,计算机与系统基础,1,ahnu-cb-overview,计算机发展、特点、分类、应用领域与发展趋势,computer-basics
2026,anhui,computer-science,ahnu,computer-basics,1,计算机与系统基础,2,ahnu-cb-data,信息与数据的表示、存储和运算,computer-basics
2026,anhui,computer-science,ahnu,computer-basics,1,计算机与系统基础,3,ahnu-cb-system,计算机硬件、软件及微型计算机系统,computer-basics
2026,anhui,computer-science,ahnu,computer-basics,1,计算机与系统基础,4,ahnu-cb-os,操作系统、语言翻译系统与工具软件,computer-basics
2026,anhui,computer-science,ahnu,computer-basics,2,网络与信息安全,1,ahnu-cb-network,数据通信、网络基础、拓扑结构与网络模型,network-basic
2026,anhui,computer-science,ahnu,computer-basics,2,网络与信息安全,2,ahnu-cb-internet,因特网与移动互联网技术及应用,network-basic
2026,anhui,computer-science,ahnu,computer-basics,2,网络与信息安全,3,ahnu-cb-security,计算机信息安全基础,information-security
2026,anhui,computer-science,ahnu,computer-basics,3,数据库与数据结构,1,ahnu-cb-database,数据库系统、关系数据模型与关系基本运算,database-basic
2026,anhui,computer-science,ahnu,computer-basics,3,数据库与数据结构,2,ahnu-cb-sql,SQL语言及常用数据库管理系统,database-sql
2026,anhui,computer-science,ahnu,computer-basics,3,数据库与数据结构,3,ahnu-cb-db-design,关系数据库设计方法,database-design
2026,anhui,computer-science,ahnu,computer-basics,3,数据库与数据结构,4,ahnu-cb-algorithm-structure,编程范式、算法与数据结构基础,data-structure-linear
2026,anhui,computer-science,ahnu,c-language,1,程序设计基础,1,ahnu-c-structure,C程序组成、主函数、头文件、注释与书写格式,c-language-basic
2026,anhui,computer-science,ahnu,c-language,1,程序设计基础,2,ahnu-c-types,数据类型、运算符、类型转换与表达式求值,c-language-basic
2026,anhui,computer-science,ahnu,c-language,1,程序设计基础,3,ahnu-c-io,基本语句与输入输出函数,c-language-basic
2026,anhui,computer-science,ahnu,c-language,1,程序设计基础,4,ahnu-c-selection,if、switch选择结构及其嵌套,c-language-control
2026,anhui,computer-science,ahnu,c-language,1,程序设计基础,5,ahnu-c-loop,for、while、do-while循环及流程控制,c-language-control
2026,anhui,computer-science,ahnu,c-language,2,数组、函数与指针,1,ahnu-c-array,一维数组、二维数组、字符串与字符数组,c-language-array
2026,anhui,computer-science,ahnu,c-language,2,数组、函数与指针,2,ahnu-c-function,函数定义调用、递归、变量作用域与生存期,c-language-array
2026,anhui,computer-science,ahnu,c-language,2,数组、函数与指针,3,ahnu-c-pointer,指针、数组与字符串指针、函数指针及多级指针,c-language-pointer
2026,anhui,computer-science,ahstu,computer-basics,1,计算机基础知识,1,ahstu-cb-overview,计算机的发展、特点、分类与应用领域,computer-basics
2026,anhui,computer-science,ahstu,computer-basics,1,计算机基础知识,2,ahstu-cb-system,计算机系统组成、工作原理与软硬件系统,computer-basics
2026,anhui,computer-science,ahstu,computer-basics,1,计算机基础知识,3,ahstu-cb-data,数制、编码与信息在计算机中的表示,computer-basics
2026,anhui,computer-science,ahstu,computer-basics,2,Windows与办公软件,1,ahstu-cb-windows,Windows 10基本操作与文件管理,computer-basics
2026,anhui,computer-science,ahstu,computer-basics,2,Windows与办公软件,2,ahstu-cb-word,Word 2016文档编辑、排版与表格处理,computer-office
2026,anhui,computer-science,ahstu,computer-basics,2,Windows与办公软件,3,ahstu-cb-excel,Excel 2016工作表、公式函数与图表,computer-office
2026,anhui,computer-science,ahstu,computer-basics,2,Windows与办公软件,4,ahstu-cb-powerpoint,PowerPoint 2016演示文稿制作与放映,computer-office
2026,anhui,computer-science,ahstu,computer-basics,3,网络与信息安全,1,ahstu-cb-network,计算机网络基础、局域网与网络连接,network-basic
2026,anhui,computer-science,ahstu,computer-basics,3,网络与信息安全,2,ahstu-cb-internet,Internet服务、浏览器、搜索与电子邮件,network-basic
2026,anhui,computer-science,ahstu,computer-basics,3,网络与信息安全,3,ahstu-cb-security,计算机病毒、网络安全与常用安全工具,information-security
2026,anhui,computer-science,ahstu,c-language,1,C语言基础,1,ahstu-c-overview,C语言特点、程序结构与算法表示,c-language-basic
2026,anhui,computer-science,ahstu,c-language,1,C语言基础,2,ahstu-c-types,数据类型、常量变量、运算符与表达式,c-language-basic
2026,anhui,computer-science,ahstu,c-language,1,C语言基础,3,ahstu-c-io,格式化输入输出与字符输入输出,c-language-basic
2026,anhui,computer-science,ahstu,c-language,1,C语言基础,4,ahstu-c-selection,关系逻辑运算与选择结构,c-language-control
2026,anhui,computer-science,ahstu,c-language,1,C语言基础,5,ahstu-c-loop,while、do-while、for循环与循环控制,c-language-control
2026,anhui,computer-science,ahstu,c-language,2,数组、函数与指针,1,ahstu-c-array,一维数组、二维数组与字符数组,c-language-array
2026,anhui,computer-science,ahstu,c-language,2,数组、函数与指针,2,ahstu-c-function,函数定义调用、递归、作用域与存储类别,c-language-array
2026,anhui,computer-science,ahstu,c-language,2,数组、函数与指针,3,ahstu-c-preprocessor,编译预处理、宏定义与文件包含,c-language-basic
2026,anhui,computer-science,ahstu,c-language,2,数组、函数与指针,4,ahstu-c-pointer,指针、数组指针、字符串指针与函数指针,c-language-pointer
2026,anhui,computer-science,ahstu,c-language,3,复合类型与链表,1,ahstu-c-struct,结构体及结构体数组,c-language-pointer
2026,anhui,computer-science,ahstu,c-language,3,复合类型与链表,2,ahstu-c-list,结构体指针与链表基本操作,c-language-pointer
2026,anhui,computer-science,ahstu,c-language,3,复合类型与链表,3,ahstu-c-union-enum,共用体、枚举与typedef,c-language-pointer
2026,anhui,computer-science,czu,computer-basics,1,信息与计算机系统,1,czu-cb-data,信息、数据、数制及字符编码,computer-basics
2026,anhui,computer-science,czu,computer-basics,1,信息与计算机系统,2,czu-cb-hardware,计算机体系结构与硬件系统组成,computer-basics
2026,anhui,computer-science,czu,computer-basics,1,信息与计算机系统,3,czu-cb-cpu-memory,CPU、存储器与输入输出设备,computer-basics
2026,anhui,computer-science,czu,computer-basics,2,软件与程序设计基础,1,czu-cb-software-os,系统软件、应用软件、操作系统与文件管理,computer-basics
2026,anhui,computer-science,czu,computer-basics,2,软件与程序设计基础,2,czu-cb-algorithm-language,算法、程序设计语言与语言处理程序,computer-basics
2026,anhui,computer-science,czu,computer-basics,3,计算机网络,1,czu-cb-network-lan,计算机网络组成、分类、体系结构与局域网,network-basic
2026,anhui,computer-science,czu,computer-basics,3,计算机网络,2,czu-cb-tcpip-ip,TCP/IP体系、IP地址与子网基础,network-ip
2026,anhui,computer-science,czu,computer-basics,3,计算机网络,3,czu-cb-services-security,网络服务、互联设备与信息安全,information-security
2026,anhui,computer-science,czu,computer-basics,4,数字媒体与信息系统,1,czu-cb-image,数字图像表示、处理与常用格式,multimedia-basic
2026,anhui,computer-science,czu,computer-basics,4,数字媒体与信息系统,2,czu-cb-audio-video,数字音频、视频与多媒体技术,multimedia-basic
2026,anhui,computer-science,czu,computer-basics,4,数字媒体与信息系统,3,czu-cb-information-system,信息系统组成、功能与开发基础,database-basic
2026,anhui,computer-science,czu,computer-basics,4,数字媒体与信息系统,4,czu-cb-database,数据库系统、数据模型与数据库应用,database-basic
2026,anhui,computer-science,czu,c-language,1,C语言基础,1,czu-c-overview,C语言特点、程序组成与开发过程,c-language-basic
2026,anhui,computer-science,czu,c-language,1,C语言基础,2,czu-c-types,数据类型、运算符与表达式,c-language-basic
2026,anhui,computer-science,czu,c-language,1,C语言基础,3,czu-c-algorithm-io,算法表示与输入输出函数,c-language-basic
2026,anhui,computer-science,czu,c-language,1,C语言基础,4,czu-c-control,顺序、选择、循环及流程控制,c-language-control
2026,anhui,computer-science,czu,c-language,2,函数、数组与指针,1,czu-c-function,函数定义调用、参数传递与递归,c-language-array
2026,anhui,computer-science,czu,c-language,2,函数、数组与指针,2,czu-c-array,一维数组、二维数组与字符串,c-language-array
2026,anhui,computer-science,czu,c-language,2,函数、数组与指针,3,czu-c-pointer,指针、数组、函数与指针的关系,c-language-pointer
2026,anhui,computer-science,czu,c-language,3,复合类型与文件,1,czu-c-struct,结构体及结构体数组,c-language-pointer
2026,anhui,computer-science,czu,c-language,3,复合类型与文件,2,czu-c-list-union-enum,链表、共用体、枚举与typedef,c-language-pointer
2026,anhui,computer-science,czu,c-language,3,复合类型与文件,3,czu-c-file,文件指针、文件读写与定位,c-language-pointer
2026,anhui,computer-science,aufe,computer-foundations,1,计算机系统基础,1,aufe-cf-overview-data,计算机概述、信息表示与数据编码,computer-basics
2026,anhui,computer-science,aufe,computer-foundations,1,计算机系统基础,2,aufe-cf-architecture,计算机体系结构与工作原理,computer-basics
2026,anhui,computer-science,aufe,computer-foundations,1,计算机系统基础,3,aufe-cf-hardware,微型计算机硬件系统与外部设备,computer-basics
2026,anhui,computer-science,aufe,computer-foundations,2,软件与数据管理,1,aufe-cf-data-structure,数据结构与基本算法概念,data-structure-linear
2026,anhui,computer-science,aufe,computer-foundations,2,软件与数据管理,2,aufe-cf-languages,程序设计语言与编译解释基础,computer-basics
2026,anhui,computer-science,aufe,computer-foundations,2,软件与数据管理,3,aufe-cf-os,操作系统功能、分类与资源管理,computer-basics
2026,anhui,computer-science,aufe,computer-foundations,2,软件与数据管理,4,aufe-cf-database,数据库、SQL、数据仓库与数据挖掘基础,database-basic
2026,anhui,computer-science,aufe,computer-foundations,2,软件与数据管理,5,aufe-cf-software-engineering,软件工程过程、方法与质量基础,software-engineering
2026,anhui,computer-science,aufe,computer-foundations,3,网络安全与前沿技术,1,aufe-cf-network-cloud,计算机网络、云计算与物联网基础,network-basic
2026,anhui,computer-science,aufe,computer-foundations,3,网络安全与前沿技术,2,aufe-cf-security,信息安全威胁、防护与管理基础,information-security
2026,anhui,computer-science,aufe,computer-foundations,3,网络安全与前沿技术,3,aufe-cf-frontier,移动计算、边缘计算与新兴计算技术,computer-basics
2026,anhui,computer-science,aufe,program-design,1,C程序设计基础,1,aufe-pd-overview,C语言程序结构与算法表示,c-language-basic
2026,anhui,computer-science,aufe,program-design,1,C程序设计基础,2,aufe-pd-types,数据类型、运算符与表达式,c-language-basic
2026,anhui,computer-science,aufe,program-design,1,C程序设计基础,3,aufe-pd-io,输入输出函数与格式控制,c-language-basic
2026,anhui,computer-science,aufe,program-design,1,C程序设计基础,4,aufe-pd-selection,选择结构与逻辑表达式,c-language-control
2026,anhui,computer-science,aufe,program-design,1,C程序设计基础,5,aufe-pd-loop,循环结构与循环控制,c-language-control
2026,anhui,computer-science,aufe,program-design,2,函数、数组与指针,1,aufe-pd-function,函数定义调用、参数传递与递归,c-language-array
2026,anhui,computer-science,aufe,program-design,2,函数、数组与指针,2,aufe-pd-array,数组与字符串程序设计,c-language-array
2026,anhui,computer-science,aufe,program-design,2,函数、数组与指针,3,aufe-pd-pointer,指针、数组指针与函数指针,c-language-pointer
2026,anhui,computer-science,aufe,intelligent-science,1,智能科学基础,1,aufe-ai-cognition,智能科学、认知过程与人工智能基本问题,artificial-intelligence
2026,anhui,computer-science,aufe,intelligent-science,1,智能科学基础,2,aufe-ai-perception,机器感知、特征提取与信息融合,artificial-intelligence
2026,anhui,computer-science,aufe,intelligent-science,1,智能科学基础,3,aufe-ai-pattern,模式识别、贝叶斯分类、聚类与分类器,artificial-intelligence
2026,anhui,computer-science,aufe,intelligent-science,2,智能技术与应用,1,aufe-ai-machine-learning,机器学习与人工神经网络基础,artificial-intelligence
2026,anhui,computer-science,aufe,intelligent-science,2,智能技术与应用,2,aufe-ai-robotics,智能机器人组成、感知、规划与控制,artificial-intelligence
2026,anhui,computer-science,aufe,intelligent-science,2,智能技术与应用,3,aufe-ai-nlp,自然语言处理基本任务与方法,artificial-intelligence
2026,anhui,computer-science,aufe,intelligent-science,2,智能技术与应用,4,aufe-ai-big-data,大数据、MapReduce与Spark基础,big-data
2026,anhui,computer-science,aufe,intelligent-science,2,智能技术与应用,5,aufe-ai-system,智能系统构成、典型应用与发展趋势,artificial-intelligence
2026,anhui,computer-science,fynu,computer-basics,1,计算机系统与软件,1,fynu-cb-intro-data,计算机基础、分类、使用、数字数据表示与处理流程,computer-basics
2026,anhui,computer-science,fynu,computer-basics,1,计算机系统与软件,2,fynu-cb-hardware,主板、微处理器、内存、存储设备与输入输出设备,computer-basics
2026,anhui,computer-science,fynu,computer-basics,1,计算机系统与软件,3,fynu-cb-software-office,软件分类、应用程序、常用软件与办公套件,computer-office
2026,anhui,computer-science,fynu,computer-basics,1,计算机系统与软件,4,fynu-cb-os-files,操作系统功能分类、文件命名目录格式与文件管理,computer-basics
2026,anhui,computer-science,fynu,computer-basics,1,计算机系统与软件,5,fynu-cb-programming-paradigms,程序设计基础及过程化、面向对象和面向方面编程,computer-basics
2026,anhui,computer-science,fynu,computer-basics,1,计算机系统与软件,6,fynu-cb-career-ethics,计算机职业、教育认证与IT职业道德,computer-basics
2026,anhui,computer-science,fynu,computer-basics,2,网络、Web与社交媒体,1,fynu-cb-lan,局域网分类、拓扑、设备、协议及有线无线网络,network-basic
2026,anhui,computer-science,fynu,computer-basics,2,网络、Web与社交媒体,2,fynu-cb-internet-ip,因特网基础设施、数据包、IP地址、域名、接入与服务,network-ip
2026,anhui,computer-science,fynu,computer-basics,2,网络、Web与社交媒体,3,fynu-cb-web,万维网、HTML、HTTP、浏览器、搜索引擎与电子商务,network-basic
2026,anhui,computer-science,fynu,computer-basics,2,网络、Web与社交媒体,4,fynu-cb-social-email,内容社区、社交网络、电子邮件协议、实时消息与VoIP,network-basic
2026,anhui,computer-science,fynu,computer-basics,2,网络、Web与社交媒体,5,fynu-cb-web-security,电子商务安全连接、SSL、TLS与HTTPS,information-security
2026,anhui,computer-science,fynu,computer-basics,3,多媒体、信息系统与数据库,1,fynu-cb-multimedia,Web多媒体基础、多媒体元素及网站设计开发,multimedia-basic
2026,anhui,computer-science,fynu,computer-basics,3,多媒体、信息系统与数据库,2,fynu-cb-information-system,信息系统分类与系统开发生命周期,software-engineering
2026,anhui,computer-science,fynu,computer-basics,3,多媒体、信息系统与数据库,3,fynu-cb-database,数据库概念、层次、模型、设计与数据管理工具,database-basic
2026,anhui,computer-science,fynu,computer-basics,3,多媒体、信息系统与数据库,4,fynu-cb-sql,SQL基础语句与数据库操作,database-sql
2026,anhui,computer-science,fynu,computer-basics,3,多媒体、信息系统与数据库,5,fynu-cb-cloud-bigdata,云数据库、大数据概念、分析与应用,big-data
2026,anhui,computer-science,fynu,computer-basics,4,新技术与计算机安全,1,fynu-cb-ai,人工智能发展、图灵测试与深度学习概念,artificial-intelligence
2026,anhui,computer-science,fynu,computer-basics,4,新技术与计算机安全,2,fynu-cb-emerging-tech,云计算、物联网、虚拟现实、元宇宙与区块链,computer-basics
2026,anhui,computer-science,fynu,computer-basics,4,新技术与计算机安全,3,fynu-cb-security,加密、恶意软件、在线入侵、社交与备份安全,information-security
2026,anhui,computer-science,fynu,c-language,1,C语言与算法基础,1,fynu-c-structure,C程序组成、书写风格及编辑编译连接运行步骤,c-language-basic
2026,anhui,computer-science,fynu,c-language,1,C语言与算法基础,2,fynu-c-algorithm,算法特征、流程图、N-S图与结构化程序设计,c-language-basic
2026,anhui,computer-science,fynu,c-language,1,C语言与算法基础,3,fynu-c-types,标识符、数据类型、常量变量、类型转换与表达式,c-language-basic
2026,anhui,computer-science,fynu,c-language,1,C语言与算法基础,4,fynu-c-io,scanf、printf及字符和字符串输入输出函数,c-language-basic
2026,anhui,computer-science,fynu,c-language,2,控制结构,1,fynu-c-selection,关系逻辑表达式、if嵌套与switch多分支选择,c-language-control
2026,anhui,computer-science,fynu,c-language,2,控制结构,2,fynu-c-loop,for、while、do-while循环、嵌套及break与continue,c-language-control
2026,anhui,computer-science,fynu,c-language,3,数组、函数与指针,1,fynu-c-array,一维二维数组、字符数组、字符串及常用处理函数,c-language-array
2026,anhui,computer-science,fynu,c-language,3,数组、函数与指针,2,fynu-c-function,库函数、自定义函数、参数传递、嵌套调用与变量存储类型,c-language-array
2026,anhui,computer-science,fynu,c-language,3,数组、函数与指针,3,fynu-c-pointer,指针、地址运算及变量数组字符串的指针引用,c-language-pointer
2026,anhui,computer-science,fynu,c-language,3,数组、函数与指针,4,fynu-c-struct,结构体变量、结构体数组与结构体指针,c-language-pointer
2026,anhui,computer-science,fynu,c-language,4,文件操作,1,fynu-c-file,文件类型、文件指针、打开关闭、顺序与随机读写,c-language-pointer
